the_geom,cartodb_id,name,description,date,date_end,people
0103000020E610000001000000170000003C3555FF399F074053A299E53A904740CD567F0029DC08408425E4A42C38474012C4F5FFDCBD0940471ECA48A4FE4640C41E5E00AF810A40A0637230BCCE4640D17224C07EE20A408E53F85CBBA746403E88118087EB0B40168203F70F914640D87F5B7F64A50B40E3AB787EAC744640165F617FE1F60F40BA29CC18F23346404055E0BFD44A114090234A39672846407805266009521740A816D719DB174640AEE4B6BFAB6C1840B52A704FE346464071C827E0AE751940F187978E567D464094680B003C031B403618F2218B9846407C623A0024B3194016A0127CF8E04640FB63EFFFC26E19402C8451209E244740633701C090FD1A406DCA7097D8784740C4C6C4FF80071D400AD82F5455BF47409E9C1D803F061C4022237743E0044840122E0520C56B1840C4AA07ED5142484089380800AF3B1540C0D4C72AC2494840D6CB29E022281140EBA741C94B1D48406433F23F1AF20C40921D02E457F547403C3555FF399F074053A299E53A904740,1,Burgundians,Second Burgundian Kingdom,438,532,Burgundians
0103000020E6100000010000000B00000069CE3440ED781D404C6F5E20B1B948403E2FAA7FEFCA1F400AF1ABE6F7B34840E1522160A5E920403242F47BCDBF4840E5A4077040E42040F0C82FEECCE14840FDC9EF9F349320408F78EC46A30349402E0FE37F3C8D1F40CB9ADC18D0FA48401F42018008C21E40DC6A94FD0C1E49403A3E18805F8A1D40F09A3ED8B53449400000000000201C403E19A918E3FB4840168CE7BF49431C40192CE63194D3484069CE3440ED781D404C6F5E20B1B94840,3,Burgundians,Burgundian Kingdom,413,437,Burgundians
0103000020E6100000010000002F00000099ABB4FFE06F18C0B37BB0947ED54040DC78E2FFAF6E1DC05D34A6589CD34040F96B0D00B0251BC079F87CDE9E1941408C2F1C0058AE17C0F32CB59CD3C84140A9224700586515C06962EC4AECF14140FDB50600D8E613C03C9B3C020BAB41405049C6FF574C10C03E32CAF112944140175F3800B0DC08C047E5E44D17BB414053458E00B07A01C06C3E8DFFAB9841401B50CAFF3F69EA3F7DFA5B440C364240E9A0C7FF4F630F40B4833A7A3675424092C30E00A8BC134005D0BDC1F67242406C3F5BFF955207402957BAB3DDCF424094C17200D46FF63F01A281D47D3D4340DC7260FF963C0D403FC8D36E4B1A4440ABC74300ECC71E404DA190F0FF1145402F3928409850234072975003FE7F45400E271700362E2440D6242EB67FFC434050F512006FF52340EF0B9EF8202B434057DDB8FFA76A1A40D1ECF462AC8B4240C2240980F9A1214003F7340E127C4240FA67FE7F39F623403FFF1C6A04BD424033ABF37F79E2244037D6ACD0136A4240FA67FE7F39B825408D5109153D9942401A54D97FB6CE2840CE8AA8893E02434096B61380DA992A40006928835D174340034AF9FF27812A40A48FD872D7C34240496120001F412840E589F74E924A424033ABF37F793C2540BDFB25DA3C1D4240519E1E80791D26400050ACF03ACB4140FA67FE7F39122640ACF2B179A4714140185B29803923244045D1C973F90D414033ABF37F79FE26400BBC8BDEC6B2404033ABF37F791A29406A24B679EB774040C2240980F9872C40E7A2084631594040519E1E8079332E40885C5769DE1D4040C2240980F9B12F4027CDB437D75F3F40F5CFFCFF72602D40AF203083EF513F406656E7FFF2222740271D1F0CC06E3F40519E1E8079F322402D84CDE7F99F40404863BCFFF2651F404F76F1864D10414043797A00E6650D40789384E9203A414094183E01987BE93F8BCFF0A8A9F6404073DB190170D7F2BF30AC6E37B9EA404019B081005BE608C022A6862E0FE0404031B3118066C913C097514DC51DDB404099ABB4FFE06F18C0B37BB0947ED54040,21,Vandals,Vandal Kingdom,439,533,Vandals
0103000020E61000000100000032000000ACC1C1FFD2BD14C019724B2F5AFF4840059B4200D36611C08FB3E197972A4940ED425A00A60E0EC019F751D3CF164940588383FFA5030AC0B2065A47764549403A9058FFA5DC03C0B2065A4776454940EBEC5CFF4B95FEBF54CB10A6AC43494053B0290430EDDEBFF4A087778C654940307E3B05D01AD53F776981451759494051F9F800B4E8F73F835D031198934940277A4BFFB342F83F37A6694843B349404EF496FE6765E43FA643C8F546BA4940EB93F5FEB364F43FB8A648D72FE44940EB93F5FEB3D4FC3FB66090913F114A40EB93F5FEB3D4FC3FB28174B1E9664A408CDF4E01B426F63FEAC1CD77AA7E4A404EF496FE6765E43F5AFAE9A295794A409CE82DFDCF8ADD3FD72D869BA1944A4091E54D13F04AB0BF74545EC0050A4B40F47DE5FF5D78EABF853E58C606494B40CEF863FFE173F3BFD08BA8C369534B40B5A91501A9C8F5BFECD7DF0A8F874B40C710BEFFA800FABFA257A8DA13CB4B406263E27FC0AD01C089EB1857DCF14B4028CC62FFC8760AC0833E479AAE744B401E48838021D80CC0CF394FA7823B4B409DF993004E6A0AC0C393275A831D4B405E1776FFF52D08C04871C8E5C3FD4A40B159C37F99FB07C0C93C8FDD47D84A40C86789006DD408C07D0DB90051B94A40FE5BD1FFD5BF0EC0EB430F63EFA94A4068A4EF7F911911C02FDF1BBF47BE4A407ABE0B00FA7A12C0A0B998B047AB4A4063E00C409B8B11C0F08C740EB7864A40DF97C83F12E612C0C8B6EB29E2644A4051F4440005BD10C05377A7335E6F4A404FF6E0FFD8D910C01315C3382C244A400713B9BFFE5815C0FBA8AF7CD0EF4940D58DFB7F6AB613C0ACE8286ADDC94940BF580840161111C06D92DDD459D34940B1B49D00D4FE0DC0244F692FE8C54940170B8500C7F307C070248E4481C3494095104980DC9E03C05D567AD0E0DA49409A58A680303708C00CE544BB8AA0494041819800D34C0CC06C0C95DAE69E4940D0B6FD9F81DC10C0D896A6ADB6984940CBD8AFBF15FA11C04C0F33C982844940AD27C29F44F813C0FAB9801B52464940DD374AA0B9AD16C0624061167B1449404F61BE1F2B9E16C0D5A8D1F50E024940ACC1C1FFD2BD14C019724B2F5AFF4840,16,Britanniae,Dioceses of Britain,400,410,Romans
0103000020E6100000010000008100000019AE0E80B8E32F40138D205BB7D544402D6AE67FA8A82F40C5F66241C4D6444079C21A80704A2F40568E3D3992CD444080560D80C0362F40C12322E3EEB644407678218048DB2F40F993C6A2C8BD44400EFC034070303040539B304897AB4440DC4C014080113040CFBEF220BD9B4440722E288020B82F406F90BD9CE18744406E101040281E304098F827E1D7824440E833FB97FF4830402B84D55842744440ED22F197BB7D304052EFCAAA5F6144404AED03984BA230401CD56508B24244407BF70998A7DC30404C01C4B87637444055BCF4A39FC9304036DFD27B74244440BC64F3A3A7A33040824D428ED20C44407BE80EA4839A3040E64880FD04FE43405317F8A30B8B304027B792C261EE4340E77F03A4477C30407B551D2826E143405317F8A30B8B3040FBF9DFDF5AD34340E4350AA41F5930407694BD848EC243400F1A0B5410133040F183907FA8A74340E9EDF0532C153040EDBE7C150D8B43401364045438363040D427DAD18F764340D4D9038CB2383040DE30FA9FB66743403ADD058C262E3040804FC5F0055D43401067F28B1A0D304049C76A2DAB5E434020CEE41735C02F40D975D26F9D5543408E0AD6178DB32F4068FB3EB9794E43407070121825DF2F40967A924B4E444340DA620A1855AF2F4012A982B4732D4340ACFD00188D862F404EE29CA609214340E88AEF17F52D2F40655BDD1C742543401D3106188EC22E4011438214021E4340944BE3175E6B2E405DC115D460174340CA44DF1776262E406C7982502012434073672618CEBF2D40DBFB54151A174340207BFF17B67D2D40858C2E0CE4144340C6FAE5174E4F2D404CE6F5B31A0A434086151340D6CC2C40BAC33FCF130543403773E53FE6F92B40EC35B9EF030743403773E53FE69F2B409CA5C763C4FC4240781ADDFFCF142B402ECA6C90490F434088E5220030B52A407E2D1AF8721B4340034AF9FF27272A40547AE042221843409CA1FAFF1F202A40215F3A943E0C43405A80190068D82940D2FDFFAC370443400D28E5FF9F8229409F7D1FED83194340EF8D210038542940938B10A2A5084340DFC2DBFFD7FF2840C026E79B1FFE42403AE004F060E1284005B1647548DD424044BEF0EFD84A2940D04A18D5BBC6424018A3E0EF38F9294043780F2BB7C14240B1FAE1EF30A62A40891AB75E74AE4240D23706F058F62A407C2189038DA342400BF70468DFC92B405BC50BB7B68A42407C7DEF675F3A2C40B870834E468B42407C7DEF675F942C407D36594074814240A798FF67FFF32C4013152663E7654240C84EEC5F616C2D4078718F6373594240F01F0360D9A82D4004F9C02BD55C4240430C2A60F1EA2D40097D3C367A5742402FF7EA5F69272E40717495EEAE524240CC98E55F89432E405A2EFA8E0A584240F7B3F55F29492E40F8823F91E16C424039D5D65FE1902E40B93103B67F7B4240E641176061A72E406170EE2BE68C42402519FF5FF1712E40F00713B14E954240E3F71D6039842E4047F28DCF81A04240547E0860B9402E400A5B3F3F04AA4240B1481B6049382E4000773469AEBE424078052660095A2E40A5290A0DA7C542405656053086762E404305C1C2CDD8424024A7023096842E40C89792DD33E442405DEAF72FD6BC2E405E6722F0B0F54240492E2030E6F72E4010B586B5250743401E131030464C2F40EF83A061390043409977E62F3E722F402FAF33F069F54240CB26E92F2EBE2F405E6722F0B0F5424003DAEB17CB0C3040344690EFF7F542400235EF1737283040BBB1E24CFA07434003DAEB17CB393040701B365FDF134340F71D0580114F3040A2FE273D5B1F43403061FA7F515A3040714F1DCCA227434098AEF57FED7230400FACD31691294340F57808807D97304078A76D897D334340C2240980F993304005AB24910144434068A4EF7F919230406F52EAF59B5843409CF8EE7F159630403E50D9767B6243409CF8EE7F15C33040CC706ED9426E4340BEDA0F80D1F73040572AE2530477434001FCF07F891231403B65C106BC734340BEDA0F80D12431400FC33F534C7A4340FC0CFB7FCD37314018A086D20B864340655AF67F69233140B82231410D8F43402EBCFD7FBD293140544056C7DC9B434081B90EBCF72B31404686EA208EB34340C9B8FB7F4907314045B75ED303C0434063B5F97FD5E430400960988640C643405C21078085CB304080DA45244CCD43406110FD7F41A63040B948EBB916D143401A560AE4869330409B2ED51668DC4340C27AEDE3B2A33040058738528DF24340854802E4B6EA3040FE88784EA7344440170C11E45E243140694461FE274044408892FBE3DE3A314068FB5FC762344440854802E4B6713140D3ADCF83D82444401F4500E442A93140D3ADCF83D8244440B8DEFCA797DB31409EDB3AEECA254440261BEEA7EFFB31405F41BBBFD10C4440BC28F6A7BFFE3140B7EF517FBDF64340790715A8073E3240BC3088FE3FE943408DC3ECA7F75C32407A41B8C0EDE44340EED7F8A7AF7732408A4C2B4B95F443405A6FEDA7738632405D6811FE83084440509101A8FB76324044CFFB39E41F4440B73900A8035132409E1CCBDC7837444088D4F6A73B28324033B364C8904044405136FEA78F0132402BE23276DB5444407C71F3D775DC314056A8E2849157444071EE0AD869BB3140A649A5AFD2634440E763EBD7A57F3140C6CDA1F337664440E5BEEED71141314028A3C2BFA5824440E95B0FF48A063140923466AFCA8D4440BD40FFF3EAA63040E7949935A5984440884703F4D2643040B46DFF6720A644405B87F6F39E4D30406FC5B425E1AA4440C18AF8F3121630400E17778BD9B344408C91FCF3FA0030401999BA0A2DBA444019AE0E80B8E32F40138D205BB7D54440,32,Thema Sikelia,Byzantine holdings in Italy,565,700,Romans
0103000020E610000001000000700000004EE008187E1F3D408F6D3A7E7F9C44404D3B0C18EA0D3D40D50B7878D394444089C8FA17520F3D40ACF6B888D28B44404B960F1856FC3C40DA35E70128804440F604EC17AAD53C4002173B4C41794440B0991118CAC43C40F7C849D5B47C444082340818029C3C40059AF8380D7A44405DADEA17B2553C40389598A9418644405574FB17CE2A3C4073707EFD6F89444089C8FA1752013C40B5DFFB977B81444058BEF417F6F33B40059AF8380D7A444049F11218C2DC3B4084A8149EC47D44405085051812C93B40B5DFFB977B81444075E6FD03D5B03B40D12304B35B7F4440D79F060421833B40F63BDA59707C4440D2B01004657B3B4017C1D6D700754440A7950004C5753B401BC019046F6B4440FC4BF7DFEF5F3B402C1FD5F2FB634440CC41F1DF93523B401884C9BFDC594440BBCF12E0CB293B40EC17EC86ED4E444030A0F6DF73093B4040B0BA400F4D444095A3F8DFE7FE3A400ED6A480D945444059160AE07FD03A400EAB0D886F3F44409748F5DF7BB63A4011A81F508D3944409748F5DF7BB63A40CBE149C189354440887B13E0479F3A407093D59D3C2D444065341388AE723A40A4A14E92911E44407401F587E25C3A4077291A10461A4440A855F48766603A4068C049680513444065341388AE453A404082870E260A44400D59F687DA283A4075B09BA5A606444076A6F18776413A40980566C73E1644403F08F987CA473A4069A5F72A852144406CC80588FE313A40A92F8D57072944403A1903880E9A3A40A2A62B12723E444071B7FB87BAC03A404327BEB94347444044F7EE8786D63A4071C420D1004B444065341388AECC3A40577BB7FD9B5444406F12FF8726AF3A4009B233BF79524440697E0C88D6953A402B9AD6BFCE4F4440CE810E884A8B3A4071C420D1004B44406E6D028892163A409BA22B2A454B4440CB371588220E3A404DC731CC685544406F12FF8726FB3940E0B2120CCA6744402FECFEEBBBD4394098FA7953916B444004D1EEEB1BA239405B86CD3AC26E4440CED7F2EB038D3940742909E46D6D4440F6A809EC7B6F3940E0A550EDBE724440C9E8FCEB475839402BECD422437744409739FAEB573939409A2FC424BB764440BF0A11ECCF1B3940D4C1F2CE3E7B44408D5B0EECDFFC38402BECD42243774440F1B913ECBFB338405CB11AA691894440C8CAF5D7A79438407E51063767C94440F6211400888C3840447CB30F2A3545404D350E50757C3840312A46E994A845404D350E50757C3840C551FBA52CE24540F7FEED4F359E3840FAA8F198A2DF454028AEF04F25BD3840BDF671D98DDA45405713FA4FEDE53840BCA882F60FDB45401B860B50851139403802651192DB45409056EF4F2D4B3940BE0CEF07F6D44540822E0A508D72394030BB692B5DCF45401ED00450ADBB39403BEC32BA0BDA454028AEF04F25F839401FF14CE459EE454028AEF04F25523A407B4BF7429A0246402564F74FFDB53A40E7327725B00A4640756B04A8CAF93A40CE4CF6F0611246400EC305A8C24C3B403971E615D70D4640A3D00DA8927C3B408E377D66DE104640E6F1EEA74A973B4003450B546F184640A61A07A8BACC3B409CDDBD50FE1F4640E6F1EEA74AF13B405DB85AC4032346404606FBA7020C3C408511D2859E3546401BEBEAA762063C404F797423AC4546401BEBEAA762D93B40A0875E6FB05B46408A4D12E89FE33B40FF3C4F34F67D4640599E0FE8AFF13B400F5AB4A5B39F46405F3202E8FF0A3C40F3CF679B76B4464091E104E8EF293C40A4C21A5F62BA464066C6F4E74F513C404BE2EEA46CB74640D0B8ECE77FA83C408FFB980717AA464091E104E8EF0A3D407C6859D601B14640F2F510E8A77F3D40AC3F3EF8BBC44640CA24FAE72FCA3D405499398F50BF464023A513E897CB3D4074EBB9754C9546405F3202E8FF9F3D401D9BF4290D664640BCFC14E88F103D4086C03687905D46406910EEE777CE3C40F9E2C5A1023946402D83FFE70FA03C4047A00B34E925464066C6F4E74FAB3C4053243EFB3A0F46406910EEE777A13C40656B01CA74F645409BBFF0E767933C405F09C5D217DD45406C7D0D98F20C3D406DBFC63F7D8846405CE808E8D79B3C40073E4847A0C24540952BFEE7177A3C405F2F038445B145402A3906E8E74F3C4092A1954156B44540952BFEE717203C40158266214BB24540B4D70E8808083C4077F6B615D29C454018361488E8EB3B40C2F3F7F7BE994540255EF98788F13B403B653DCE9793454082280C8818E93B4074AF594F2983454082280C8818E93B400817974F7B5B454082280C8818BC3B404B27E9CC835C4540570DFC8778B63B4047851C21A434454018361488E8BE3B40EE57A604692145402CF2EB87D80A3C40ECCAFCDD9A014540570DFC8778103C4088F478ADC6EE444086720588400C3C4050E7C4FD4BE44440BEB5FA8780443C40E5EF9C3591C044400E3313901FCA3C4005C79F875EA544404EE008187E1F3D408F6D3A7E7F9C4440,13,Thraciae,Dioeceses of Thrace,400,527,Romans
0103000020E61000000100000028000000111977FF2FF902C0E5AC369C859E474099FE99FF5FFEF9BFFE5CD9AAC94D48405E1844FF5FF0F8BFB92F0CFDB8744840111977FF2F2900C0D2391EB708DF484099FE99FF5F5EF4BFF6C1C79AF0D548408797F10060F6F2BFE292A13217B548405393BFFF7F31D2BF459A3E5CEEA04840899EEF0280FED73F50D50CC2BFB84840B3B20101003AB13F5D509D16D5CC48407A0471FD3F37E03FD2391EB708DF4840689DC8FE3FAFEF3FB35B91B92EF148402B1B1000A093F73F1693ED32B2084940A2E7BB00A0AFF93F312B90B0DA654940B3003300D0F001405875F3E0B07E4940D1F35D00D0AF06408BCB2BB64D894940D1F35D00D04F0C404A1FC21107A949403C8DEEFF672D1040772A22BB39E64940E9F92E00E87B144062D3AD4B4BD84940AD13D9FFE7F11640FE987BEDBEE249401E9AC3FF67CA18404A1FC21107A949407773440068F71840F9FD17DF827049401E9AC3FF67321A40D11A6AB167404940B996C1FFF3A71840473271CC2E1D49402DC00C00343A1940ABC58E63F7E64840BC392200B47D1940CA9979B469CE4840F1D9B6FF33481A40AAACB717628D4840F47C1700F4851C406083535973684840F47C1700F4691A4007A59A1FA0224840F1D9B6FF33101640300E9147AE4B4840F47C1700F4F9114041D375555E264840B3599A0068F10E40BA5311D94D094840CB060400E8640C4055D725D3B6F247403C8DEEFF679D084072382D57C3A84740E9F92E00E87B04401EC0C7050CDC4740518581DF6D8300400B2748F0AFF0474078F6F0C05B8BFC3FEB5863D8FAEF4740DDF058BFDBA4F93F88610B6A0DE247401391EDBE5B37F63F89D06B60E9D24740576065C09B26F43F7A434C4FF9C34740111977FF2FF902C0E5AC369C859E4740,18,Roman Kingdom of Syagrius,Roman holdout kingdom,465,487,Romans
0103000020E6100000010000001C0000003355CDFFEDD201C09117A962F09F474087930B001B21FEBF4FEC3E53714C4740257DB5FEF119F2BF259883034E2547408AE2B800F29DF5BFB45FD27366C74640E503E9FFA84FF6BF16DB07CDECC14540E75DCC01480ED33FDDD84702E8784540DBCC95FF98B7084077080C27A341454030629F008A010A404E60F890099E4540F299EC9FA7C51040D215F05B42BE4540F621140088A01340F695AC2FB7A84540F3BF22E08CA91640F4D81A3A0B914540BEAFFCBF0B1B19401925BFB0C284454012CF23905CBC1A407E6AC4E5DB98454055D9DA6FAB141B4061CAFAACB6B54540B2A62EF047171A40F54B4023C3C54540227811E0D314194093DC065A26D5454090360A20E7B317405886826360DC4540568C4680CBCA1640C6276C58B6DD4540950ED6FF39941340C2CE7FD5320046403106F77FE5E30F40F4797BC674304640B1B56B003EF10B40AAE0A6F5ED8046409AAB8B80AFC50940EF3525D5CE0947405C2062FF4CD7074051659CAFA76B474014108BFFD8EF0840C0F70EE9FDA9474034AC9800B2DE04406AB56E20B0DF47405E70DDFF8D7EF13F85FDE8E541C04740F14DEC04A867DDBFB4CA6D7766B047403355CDFFEDD201C09117A962F09F4740,2,Regnum Tolosanum,Burgundians,418,507,Burgundians
0103000020E6100000010000002B0000008F8DFE9FDCEA3F40F4E83EE70B47424032C3EB9F4C3F3F403E50764CC0674240BAA80EA07CB53E40BDE4A000616D4240F3EB03A0BC933E40404FC1E976534240F3EB03A0BC933E40571B8CA66D304240C13C01A0CC743E405832CF63F72342406472EE9F3C233E40665B9B00A229424088F90BA08CE23D40729FC14B15144240C13C01A0CCC03D400C7ED1D4210C424088F90BA08C5B3D40B5615E91291D4240FA7FF69F0C183D40B2E2C8C1F4344240C13C01A0CCD13B40D6F4EA2DAFEF4140722FF67F8A533A40232A1A8C0D9E4140CFF908801A6A39405A5A15FAC32D4240073DFE7F5A1B3940C77AEE2D7A7A4240073DFE7F5A483940D3DB5D6FB4C742403A5EFDAFA5DB3940A7BF2C270094434008AFFAAFB5163A40D9669DD0EFC44340D6FFF7AFC5243A4044F6E6DC12FC4340DD93EAAF156B3A401856968D730F4440A550F5AFD58C3A4007337DE1DB23444065790DB045C23A409AAF16C801354440DD93EAAF154C3B4051C20ABF6D3B44409EBC02B085813B40F28C642C2628444008AFFAAFB5D83B40AF3FCBEB6F2C44400F43EDAF054C3C408115F1E7253744400F43EDAF05A63C40CE39D3DFA62F4440A550F5AFD5023D40CE39D3DFA62F4440D06B05B075353D407D966389390C4440D6FFF7AFC57B3D406D80048BE4EB4340021B08B065DB3D406E526E2E40E343409EBC02B085243E40F62BB6AC6FD843403A5EFDAFA56D3E408755F63C83BF4340D6FFF7AFC5893E403181F84CB89C4340A550F5AFD5F13E40A4477CBCCA7943407FD814C07B4A3F40A5CAE660EC634340EACA0CC0ABFB3F402416C6502D454340E3A1F7DFAD614040D9932311D82B43404600FDDF0DB64040C86F3C65D60143401451FADF1D1E4140E9D6295E7EAF4240A71409E045E740409DEBA0B71D99424043B603E0E565404088F8661FD46842408F8DFE9FDCEA3F40F4E83EE70B474240,11,Asiana,Dioceses in Asia Minor,400,527,Romans
0103000020E6100000010000007C000000EF6D3CD0F10E01C0FD45D809929647402CA2C3CFC16B01C00CBDB497239D4740BB1BD9CF416302C006E0FA0B189E474071BF6CD0D1E102C0473725CDDDA24740B3003300D05803C0C3A8BDEBE0A0474021E4BCFF8F5B04C01EC5B5B1C4A5474056362000406F04C08AC9FA517DB0474024871D0050C903C0930CCE1A9BB547407E609E0050F603C0604415DDFEBE47407E609E00505E05C098AA0F7FA8C047402F0CA2FF2F5006C0827D2A5DB0BD474013022460952F07C0E2EA5B41AEC5474041C09460F51809C07346D612D9CB4740AFA31E60B51B0AC0812E33CFBED64740CEC08E2011C20BC090C57054F2D947406179671FF12C0CC049726D66FCE1474059974320D1B30EC02A690FC52EE74740F9DB9E20B1A50FC094FA2E7CAFF34740F0F27C1F71F40FC0F98C7E138EED47400302429028CD10C0FD88BA6A79E64740D63FC20F528C11C0920932E11BE74740A733201022BC11C0E87D2DF9E9FA4740D63FC20F52F412C0C00A2A897006484065B9D70FD21B11C0069E5A012E124840BC95C20F102812C001CEDE5B89164840917AB20F707C12C0DD10FCD24F214840C329B50F602213C0E96E4BA2E62A4840C329B50F602213C0C93C3424D5404840CD600810706E11C058CD3128EC5648401B67F41FA9F80FC03AA5AC74B15C4840F2EE4420C9520EC07C8C4515765C4840A9E0092029B80CC074940712A95648401E0A552069960CC0EFE8DA720965484074407520A9ED0BC0FC88E3E9AA6948403BFD7F20694D0AC0E028DC9F496B48406618902009F909C07CD2CB20257048407EC5F91F89D408C0D99045BB866E4840F591A520892008C0B7B6AEA0826848405E2F6E1FC97707C058A2792119614840BA6912405AA906C0846ABDBE5A524840E8278340BAC205C02C2A2491E447484099D3863F9A4C05C0B1F270A719454840FD318C3F7AC803C05B24ED461F52484003784D40FAA302C0172B28143B5748405368AC3FBAB701C0B69B43C6614B48400993FB80B4ADFDBF44CBF42AB65A4840B9C5BAC0FE9EFABFEA79B3DD6F4E484042F90EC0FE82F8BFAA1FA35510504840842526C17E9CF5BFD2D16009DA5248408182C5C0BE96F7BFFDEC2EEDA75848407253E2BEFE09F9BF8CE3B83A9D5F48409E75F0C0BE85F9BFC2F7FE066D6B484027CEFEFE9C2BF9BF11AE3E266B84484045C129FF9C1AFBBFF50F43275BA74840156756009D63FDBFAC0DC29A52BD484027CEFEFE9CCBFEBF1903CA2A95D9484009DBD3FE9C6CF4BF90EC5BF720DE4840335A81009D12F4BF3F70952710C0484045C129FF9CAAF2BF8B257A53F0AB484065B402013A45E7BF133CAEDBDAAC4840009EFEFD73A2D6BF8EA25A8630A948404E356909E8F4C3BF28DB1BD79AA4484000C40204183BC63FBDF9F475ECB64840AC63A6FE8BB1DC3FAC0DC29A52BD48404D8171153026B33F33A0C5EFF9C04840A063EEF71703C23F1A3DF17B1FD4484069FD2D01F867D83FE01DCF1D33E24840D2DF8DFD1359EA3F824C7CFF30F048404E55CA008A50F63F5DB4119983094940136F74008A12F83F234EE5BC183149404E55CA008A20F93F214708C9E16449404E55CA008AC0FE3F06DC2DA8F37B49404E51E4FF446B0340A2BCC94E4381494089373A00454907403D8E0F48FC994940126B8EFF44650940E5D44AF810A84940A72A650045080C401217DBFF5BB44940F71D058011B90E40209738F2C0B04940C34B0DC0488C10401AAB28B91EAE494016DFCCBFC82911407EBFA09EA1B14940DE9BD7BF88A51140025F76F4E4B649404F22C2BF087E1340025F76F4E4B64940A8FB42C0081315403727405ED9A84940C0A8ACBF88BE1640AA0173C23E9749404F22C2BF08B61740440AD07CEF824940EC6BFA3FC9291840889C42D7536049407842AF3F89FF18401812073B0B4A494060954540097019407110005E17304940B428054089A5184049C23A65201549400A5F2540C9B018402107A19390FE4840B54F0980D8AB19407EF9E8FD94DD4840D3423480D87E1940BC0D624E6DC04840DD1EADFFAD371A40812D44C1EB90484018050300AE611D40F411DF262F5D484036F82D00AE341D40B366BF49AEF04740FA11D8FFADBE1A400714A05C897E47401413CC7FE5081940DE6A0854A0FC4640E316359015211B403CA68BA0F3914640FCA2EB5FE5BE19401CB83D20548D464099E1F54F266416401BAEFE9D2782464048D34D20F4B91340166EB72C786D4640C7A6AEDFC02E124056348C71344246403FDA28809C7711403604E873C531464064B42B806B4F1040F507D2DEC32F464039EF4100573F0E404DBD0BE7DC5B4640519CABFFD6B20B4060745865CF724640DF15C1FF56DA0940599B8C4BD1704640519CABFFD6E2084056E07DB8D8664640C22296FF56EB07402F41576CDD554640C22296FF5683064035227B31D26F4640C22296FF561B0540681B03DBD66946406E8FD6FFD6C9034071B1DCB1DC5C4640AA752C00D7070240184FD236DD59464033A980FFD6530140116A4CA9C779464015B655FFD63402403CC458098A9B464015B655FFD69C03402E036B28F7C84640A42F6BFF562C03400FFC7F074CED4640E55B8200D7AD01402A359CAE7E0F474031B0D0FF59E000C0DB897182DF934740EB93F5FEB304FABF62DDB2226E87474036832AFBCF96D1BF2BF61B16385B474029D8140298B6EA3F700325A26B38474040D619002650014034C99FDAA60D474044C6DDFF4BF2FB3F889BB6F33B1D4740EF6D3CD0F10E01C0FD45D80992964740,5,Galliae,Province in Gaul in third century,400,476,Romans
0103000020E61000000100000037000000E0BECC7F611C01C0C1C5690CE3964740B8EDB57FE9ED0140EB3B5CFE050B47406BF46A80D2C8014072FBC4852C0C47406BF46A80D2300340B16BDEE5E0ED464088E79580D2B70340A8C197365AD54640DC7A558052A103408DF5AA21B3BF4640FA6D808052C00240FCCBE658FBA946406BF46A80D2C801409A9A5F283B904640111BEA7FD29B0140603F40CE667346407F01B5FF9E3B0640BD0A9D953C6A46407B698A00A7D70740AF06AC45595946406B45DDFFAE540A4070898EAA476F4640AA1E3880E1610E40050DC36852554640EE1338C0691110406677F5E8952D4640E014F3FFEC5B1140E40E1F01F12C4640B3AA0C8044CD134035227B31D26F464098B13600FA85164094A8D55F48834640204133809E2F1B40F0ADA305C39146401EF32A000023194088D9899A01794640C7BC0A00C0AF1740A64CC521F62A4640000000000080164046C0749C53EB4540277FFFFF62B2174010D8282DD49545409047B23F3755154068A384AAE2AA454093C240003EDE1040554801BBFDBB4540FD5FE07F4C170C404BC4BE111BB04540DC4DCF3FEABC084043F840C09482454050771A402A9B0840E1689E8E0D704540BE5AA43FEA35084060FC5D6DFF5D45406AC7E43F6A4C0840947C15AE014F4540A30ADA3FAA840840B5121D769D4345401491C43F2AF5084017791F68814045404DD4B93F6A2D094042FF2D96DC2E4540DC4DCF3FEA240A405CF8A85CB42A454088BA0F406A3B0A40CC9FEBD2F1234540531A7B40EA700940301F5A75E722454013BDA5FF59C90840199915C49F15454037F69100DA9309405065FFD9E203454031B0D0FF59500940B04B9EFC27F344408B8951005A7502402CAF43D27AFA4440EF3FF0006897EE3FC8C9CC1ECB3345405B9FACF79F25CC3F61D100201F7B45409A4CCBFE2F4DD9BF802A6EDC62AD45409E9F5E004C7FF6BFABB56AB6F6C94540A099B380013BF6BF04BE89BE0EEC454082A68880014CF4BF4120C0B723244640B8461D8081AEF3BF9192E4DA4C61464047C03280013EF3BF4B0468633E7546405197F7FE276BF2BF7FCB73AFD9B7464063693B01A8CDF1BF8F02C08868EE4640470F327F3B4FF3BF6345EC97F8134740E214CA80BB05F9BF146C6D2B87344740C74085C01D1200C0D7C20BA68A5F47401AD444C09D6301C0EC46A32B2676474035A889803BF7FFBF3DA3080495834740E0BECC7F611C01C0C1C5690CE3964740,4,Viennensis,Province in Gaul in third century,400,476,Romans
0103000020E61000000100000034000000C080DA7FCFC51740A856806B7E9645405FC53580AF9B16408FCBD14622EA4540694ABA7F8F221940A4AA2AB057764640694ABA7F8F3E1B40A06B5F402F9046409F9B4F80D5DB1940A553D30527D34640EF8BAE7F95EF18406EB14FBE28034740EF8BAE7F95571A40193824DE4F5F47409F9B4F80D5F71B406AF0847F0DBE47402361E7BF6A5B204011C2C49B8CC7474008111DC02A12224044816710D9E54740405412C06A0C24402D783482CB3348402361E7BF6AA125405CC56670294A48405C0EECDF92572740335FD2D690664840B2440CE0D27E2940A3222D19704E4840D13CE36F39D22A40DE1954B871314840528E1370197B2940293F0C21251148406DDEDD6F59E029408446D17F66F54740CAA8F06FE9D7294024D236FE44DE4740B6EC1870F9122A40BD0E28DD0EC747407186EAFF7F742A408CDB47F20556474056362000402B2C402E750C9F5F094740645E0500E0112D40BBB3FA132AA546400D28E5FF9FAC2C4039A82F1110AE4640C7BC0A00C0E72B40347C135C8F6A46402B1B1000A0712B40C6306984658B46402B1B1000A0172B405FCAE980DEBC4640645E0500E0A92B40B6AB255790D04640466BDAFFDF222B40AAAD22ED10EB46408F79150080FB2A407A0BFBA84CDF46400D28E5FF9F362A40E1BDBC6325E74640AAC9DFFFBFF8294015BBE8F19CCD4640466BDAFFDF0629407A6ADC38B5C74640466BDAFFDF52284015E404F91BAA46400000000000F628407133050081794640BA942500208B2840915AEEED92644640466BDAFFDFAC2840268D6E106F264640454308C0261C2B403B8D512AA3C44540BC8C070033742C4007D9EC27E74745400FA50FC07AC82A400473D3EAD44A4540031FE63F62F92840281AD61AEB584540926DE87F1CB527408DEFCD67270B454039991B80CB9D26404F2280A3363845408C2CDB7F4B792540F423F21B2E7445401BA6F07FCB0825409E8FF836797E454071DC10800BBA2440512E11981CC44540005626808B4924409BFEEC470A01464071DC10800BEA2140DBFF190876374640AA1F06804BBA20402D1035B84A1B4640AA1F06804B0620406F096586B2E64540A7D2CBFF16261D40593B61F4A2E24540A7D2CBFF160A1B4087508458A6AD4540C080DA7FCFC51740A856806B7E964540,6,Italia anonaria,Northern province of Italy,400,498,Romans
0103000020E6100000010000003D000000052605506BB42740386235AF4D0C45403D69FA4FABFA284072146226385B4540F7FD1F50CB6D2C40243B808F0B47454036D507505BEC2C40EC99909C6D284540CCE20F502B762D405E15459BA5144540E732DA4F6BDB2D404E78F0B0DC0145403FD7E7FF8F6E2F4042B8FA982CF44440FDB50600D8353040A827248038F544405DCA120090F52F4076F1653FDED74440DC78E2FFAFE42F40BC2CDCA884BC444035F9FBFF17223140437D6001AB874440F6211400880B32405E62D119BD464440A0EBF3FF478732409F280118EC0D444060140C00B86232404D16B50347E9434067A8FEFF07223240769F67DCE9F14340C472110098EC31403E670397E41B4440A0EBF3FF47A6314006D4DD6D453044402F650900C8083140317B975A8843444060140C00B8CD3040E5645E1E1D1F4440034AF9FF277C3040BB8B838D63DD4340C472110098DE30409E28855090C543400ADEEBFF771C31402AD6BA1E168E43400ADEEBFF771C3140EAA48CF2AB7143406E3CF1FF57A6304097FBCB8B9F65434092C30E00A89230406864EB74FB4743406E3CF1FF577930404B64D5D63E2A434035F9FBFF1741304086CB85257917434060140C00B819304036F998D55CF742403FD7E7FF8F6E2F40843718A894F9424024871D0050552E402FB8EEFFC6C94240CE50FDFF0FA42E40291FE5D48C854240841EFF3F2D382E40580651CE02544240DA541F406D352D40944F0B35F5B54140841EFF3F2D682B408A48454A50014240F5A4E93FAD7E2B407FF0468B58964240AF390F40CD5F2A400FC4E4D304B942404BDB0940ED6D29401E49939CDDCA42403EB324404DE1284075D4A8F203E042409146E43FCD242940DC0A4898F5074340AF390F40CDAB29402E0FE37F3C15434076F619408D812A40BA17D2C0131E4340F706DB5FA82F23409FB6A1BDD58D43404E3DFB5FE8862240C351A85D029C43405B65E05F880522406C031CE75B7C43405B65E05F88AB2140926299E1B37443406B302660E8972040B1B22A8031864340BFC3E55F68DB204073E58102CEBE434015FA0560A8E62040232EDF7EE902444008D22060085A2040228B55FFF74D444079580B6088702040B689EEB4907844404015166048A021408655BC9179D44440DCB6106068622140EC5B5ACBECDD444008D2206008B420409ED2A0ECD6F1444079580B6088242140206561DBE42245404E3DFB5FE81E2140FA914BB1DD3C4540BFC3E55F68E9214072C68BE0DA59454008D2206008D02240933356930E824540A4731B6028EC2240C164360AC1564540DCB6106068242340B7A1391D0E27454008D2206008AE264053E1D7612F114540052605506BB42740386235AF4D0C4540,7,Italia suburbicaria,South italy province,400,498,Romans
0103000020E61000000100000056000000C49D24C05D6622C0E526495B05BF434035240FC0DDD622C04471E0381DA74340C49D24C05D1A23C043AE7189656343400A09FFBF3D7722C031AD13B8714D43405074D9BF1D8822C02906AB5E3C354340A6AAF9BF5DDF21C09D4CDC2A083343401731E4BFDD9B21C08ACC7DEEDB1B43401731E4BFDD9B21C0D200FF1072DA4240DFEDEEBF9DBD21C0901EB74621A74240DFEDEEBF9D1722C05794549EA77D4240B4D2DEBFFD0321C07B2D2ADA83854240C49D24C05D4A20C09B8B221845834240DCCE08803BCA1FC0951A6F65687B4240320529807BB91DC0D8314B8E7D8E424068A5BD7FFBB31BC0DA379C9E9C8F42406A481E80BB6D1AC054624B4D0A6F4240DCCE08803BC218C080FF390EB42E4240DCCE08803B5A17C09C2C5A257D134240F61ED37F7B5716C0617ED9034E014240883B4980BB5415C0EA4C2D9D07184240320529807B9514C09509641B5D34424068A5BD7FFB8F12C0C07B267FA0364240A0E8B27F3B6011C08FC6C28C005442407CB7BBFF76C60CC08FC6C28C0054424082FD7C00F76907C0052F3C27A4594240640A5200F74201C06C9458C6C45A42400A8584FFDF3EFDBFB4DF7FD09F8642409F445B00E009F6BF88B1753E76BD42403F89B600C093E5BFB5DFDA8912CD424068086402C069E2BF0A5DF4DB780D434036898BEDFF2DBDBF443499756F4243400C21E7FD7F9CD03FA07C30DF30614340CA1E99F5FFFDBFBF66A35270218F43408F791500806FD0BF6375D466D6BC43402AA976FAFFC0C13F50BC902F1D034440C17649FF3FCCE13FAC6EBBF16A424440B00FA10040A4EB3FE77194933B5F44404F54FC00208EF53F6216560129914440451DA90010EE00409C79A48742A5444075777CFF0FAD0540A561DFEB77D04440209759002A070A40643CAD4FF7ED4440911D4400AA0F09405AA20E86951345408BD782FF29CC08400ADAE4F049404540A9CAADFF29EB0740F824A8C8BE6C4540732A1900AAF00940521A9C4ED39345405637EEFFA9390C4054CB10A62CA24540E35EECFF147110408EBDACC3B0B94540C66BC1FF14BA12407496598462AB454006834AE0FF8413405B84F78F64AB4540EA90BCEFEFEE1240D50926069ABA454012BB3AF0FF75124027908611CAD14540F124AFEF3F811240F0B59015B6EC4540711CDBDF97A21240F0BE8D41E5F945405329B0DF97CF12401A3FE0C31D0E464041E6F31F0CB311404D1DBB762F0D464041B5E297D1B210408DBB7B5FE00E4640051C7C4024140E40EBEF1947B4FA454001A4577F5BFA0A4051A091001CED45406503020074BE084027CCE637ED144640BC8DD5FF9CC60440789838EA4F2E464002A76F803685FE3FDD6D28C643F945404E569800F4B2FC3F3A29484378A8454007403F0067F100400D34C081A05B45401706D1FF171400404FBE2C2F71254540D8385101E6A0FE3F83E0AFD10B0F4540ED908BFF75BDF73F3ED57CF0B519454098599DFFCBD3E43F82581565DF0A4540244B20046884D3BFE1A0947B472E4540DB79B0FF1989F1BF72CCECD20A284540166006001AD7FDBFAA60966E790145402A7091FFF29E03C079D8B8BC41E84440D7DCD1FF72BD0AC078F17EDC7EED444030B6520073220FC078E5E576D00B4540364E5480399C13C0D23892D3F0274540863EB37FF9E716C043DE384A5AEA44404EFBBD7FB97F19C0E9E32D99DBCA4440AE934440CF201BC0EF1A57D072754440C9E30E400F3A1CC087CBBFD00220444075504F408F041DC0D50A70CD5FDF4340E6D639400FC11CC019A33BA9ABAF434075504F408F041DC0D859FCBFCD804340ABF0E33F0F831EC0A6C33BA7F6764340ABF0E33F0FEB1FC0C08C52D714844340811302A0270921C043F583782C85434073EB1CA0878A21C03E119BFA86A14340C49D24C05D6622C0E526495B05BF4340,17,Regnum Toletanum,Visigothic Kingdom,507,711,Visigoths
0103000020E61000000100000027000000CDE92E6034F110C0221B48171BE940402232EEFE5F12F53F6C4FDA6589CD4040C4721100987E16400696E9B8969E404062B908004C4F2940EAAB926514073D4022E3EEFF253F3340CD15CE0392AC3B4022E3EEFF253F33408AC93C6ECF663E402D13F2FFB2B23240F7A0568792543E4020EB0C0013453140CEBFC020A71F3F40EA9FF9FFE5AE2F40772EEF1E5E593F4040D6190026522E403D9A2CE64E2B404022E3EEFF25FB2A40A5D5771BA76D4040B15C0400A66E28407C6153631977404078190F0066FE2340F53505112D0641405B26E4FF65852440AC2BF22DA43B414040D61900263C26402D43FBDC79A34140B15C0400A6F825408C097B246FDA4140B15C0400A6EA2440FA7C73032E1A424040D61900263C26406951020F4A7B424040D6190026E22540194EA10C3896424022E3EEFF2501254065417AEDC65B42409369D9FFA5092440DFD1B5E512B1424007932400E67F224095D254CB2D9F42409369D9FFA5932140612850590782424062B908004C2D1D4058CB1961BC91424062B908004C5D1A40BB9F6C2D408D4240B5524A00E5F41640D78561B8A16142405B79C9FFE45F154032FF6CD4D8514240796CF4FFE416134002B6A41F647142404BB26900CAEA0D403E901F9EE375424010CC1300CAA408400B8474E3A36A42409764D30094B5FF3F32FF6CD4D85142405197F7FE27DBEA3F769F0C237734424094060AFEAFA1D7BF3844C3FF29F74140931ADA006C60F5BF929A130712BE4140D340C1FF350401C02B6BDDFEC3944140975A6BFF359605C06B80146DF59D4140D340C1FF350C08C0DE6F7A387DB9414069A0E0FF1A3E10C0F4FA93F85C994140CDE92E6034F110C0221B48171BE94040,9,Africa,Dioceses of west africa,400,439,Romans
0103000020E6100000010000007900000043F840C0942809403A3E398E48F044407EDE96C09466074001EC2FFD43DA4440968B00C0140A02403739F89965BE4440E77B5FBFD41D014017540A7030A74440F7766C80A971F93F36135F2F459644407A64FF7E290AF03F6FFAABAE60864440B8E2A8FD5296E63F00F91A9B80664440D6D5D3FD5255EB3FE4DCE4BFD95B44404DA27FFE52D1E73F35DBEC7A2F5144407CFC52FD52B8E23FA06BC26AEA4C4440FEA902FFA5D6D93F2F6E40D7802F44402829B000A60CD13FEB662DA2F9184440B20B6901983ABE3FC4C19437760A4440197395F61FFCB0BF86B19EBD27EE4340C0328001CE5CD1BFCA0BD90E80C94340AECBD702CE94D5BFCA2D94E923B84340ECCFF2FA9BE9CFBFAD94D023679C4340DA684AFC9BE1C8BF7E3E465067844340E4247B217066AABF5445A79DD071434038FE5D026426CB3FD40BC205EE61434017F9710BC824B33F5CFF5316AA534340EF635807386BB1BFBD388EABD34443405BCD7CFFCDE8DBBF4407F2269E374340B9F24001674BE1BF358E3FEE2E284340548D3DFF6697E0BFEDDBC50BD41943407E0CEB00670DE3BFEDDBC50BD4194340548D3DFF6637E6BF09AFB89363FB4240907393FF6615EABF5935C65669E74240A2DA3BFE667DEBBF3B0D41A32EDB424084E710FE66BEE6BFBBCA03262AD14240728068FF66F6EABF9DFFEC81B5CC42407E0CEB00674DEEBF7A008BFC7ACA42403F867580B3F6F1BF05E7C6D376C54240FD595E7F33DDF4BF7A008BFC7ACA4240E6ACF47FB369F7BF5D363AE7A7BD424027D90B813353F7BF65CB6E3DF5B64240AAC69E7FB32BF9BFAE30F9767DB242408A2DD2FEE639FBBF1CFB06E41AAA4240A820FDFEE628FDBF833463D1F49542408A2DD2FEE609FEBF5A5A15FAC3814240B9F24001675BFFBF0B84F81B4874424054907E7F736401C05BF44694135C42408F76D47F737202C06553CFFE976942402436AB8073AD03C04E379A6D386F4240E6ACF47FB39904C0C3FC2ECF7768424078C96A80F3FE04C0B2D4BCDBA35C42405AD63F80F3DF05C081080EBBB158424006438080735E07C044C7ABFFB56142408F76D47F73E20AC067AD70E4E45E4240B00C608033A70DC0EB6C0A5C05604240E5DA48C0854010C0A24E71035B5D42401B7BDDBF05BF11C027A0AABECA5C4240AD9753C0452412C0B9CAB0DDFF4C4240566133C005CD12C0DD3E0EF74F3E42408C01C8BF854B14C03C4ACA822E3D4240AD9753C045F414C084C7E9B1CE284240B71CD8BF255F15C05906AC87F51442409929ADBF254016C0D056B13AEA0342404696EDBFA5A215C050852626FBF341409CCC0DC0E5F914C0B2D8472376C74140002B13C0C52914C04F7A5BC0B6B541409CCC0DC0E59113C09CBC0A21CEA64140C544BDBFC56712C04AA0B93506994140566133C0056511C0F031797F9395414049394EC0652410C0BF51E1BEC49E4140D50F03C0254610C0CD670E83D85341401C77CE3F8FE310C05CE56CAE58E74040575D24408F7D1CC00F1CC0F004EC40403A6AF93F8F421BC0C627F0905A034140575D24408F611AC05224466C83364140E333D93F4F1B19C0856C0F3194794140C640AE3F4FE017C05D5FB91862CD4140C9E30E400F4E17C02C929F22C11142403A6AF93F8F7218C00681F86DC6224240C640AE3F4F4819C0C4D0A8C8BA4442408DFDB83F0FC419C097759C2E4D5B4240E6D639400FF119C0984850996E804240575D24408FC91BC05DA5FD07BF954240E6D639400F751DC04CC19E9F779C424072ADEE3FCFFE1EC0D4784C51EC844240C640AE3F4F9C1FC0984850996E8042403BA827A047F820C01D92180CC78C424055F8F19F871122C0E8395C8A2F7E424055F8F19F87B721C08087BBDD3FAD42402ADDE19FE7B121C073C2009988EA4240E47107A007A121C02F7336F401234340B956F79F67F521C017B414B9F5374340F299EC9FA78722C083927661733243404C6DEB9F8E8222C0ADC96CF3F3484340132AF69F4EA422C0DA79132A55584340B0CBF09F6E1A23C0C3E7B94B03604340BDF3D59F0EF322C015BC53C74B7A4340B0CBF09F6EC022C0D7958565A2AE43406A6016A08E5522C0797124C86FC54340BDF3D59F0E8B21C0D31BC5A4054D4440B0CBF09F6E5821C0B95A1FBDFE7D44404C6DEB9F8ECE21C07DEC8909C5ED444037B5222015D721C02F302B14E909454019C2F71F15AA21C09AC8503E522D45406FF8172055B521C0B675A2EA784D45408A48E21F951A22C0E5D78B781D43454037B52220153122C0938A4A13045E4540A83B0D2095A122C036BE1F4CC476454019C2F71F155E22C0D72A66297E9145407D20FD1FF5E721C06663881015AA4540DEF02F40AAE61FC04FEEB1D313DE45406D6A45402A0E1EC080862FFA27E345406D6A45402A5A1DC0B13C40DEC8CC454035275040EA8117C007FDD866DBD04540C1FD0440AAB712C09A200B4D69B94540BDDCAB7FA5350DC0DA62AF5EE2C445404C56C17F25F509C0BCE8E92B61AC45409FE9807FA50E07C0A981499EA9B94540BDDCAB7FA5C504C0D73594B97DB145407AB957FF4A7BFBBFA5D787718EB4454083F62C007475F6BF004644EFDCCA454030A804FECF25D9BF1920B0F620A7454071DF510018B1E83FA61FBBA8694845407D09D3FF8B2AFC3F4888131496174540A7D77F00C60902404E5336727EFD444043F840C0942809403A3E398E48F04440,8,Hispaniae,Dioceses of Spain,400,418,Romans
0103000020E6100000010000005B00000015FA0560A8104440C6A3D8FAB73E42404FE2F75F7CD3434086FD64AD9D894240E794FC5F607743408F547CCF0AD0424047A90860987B43407A92CF86D7F04240AE510760209943403F78488CF91043404AF3016040884340EDE35762D42943402D56FDDF4BB14340388B30A8E35C43405BBB06E0936943407EF87D28E673434090B402E02B68434008EC07C8D98A434090B402E02BEF43407600402519A643409748F5DFFB784440768A558330CD434030A0F6DFF39E4440D8184BC3B6EE43402D56FDDF4BEC444065E5D16CA2ED4340073DFE7FDAF94440D86B51D19E6D4440AB15F937E0E144403EC1513407D84440DDC4FB3750BD44402B913CBE5AB64440A8CBFF37B864444056B074DB118C4440AB15F93760174440F7BADAC4A8734440AB15F93760BD4340198F9425218D4440A8CBFF37B88343407CF9F8DFA584444072D20338A0414340244223D8B8744440B0F60360B4F642406C551A4A507F4440B0F6036034E04240513C3E8C569144408191FA5FECCD4240342C8879BD864440B0F60360348642408E5211C0B0974440E839F95F746442406424D63D0DB144407AFD07601C4442409F8FB61A27A044401355096014104240FC061EC6C1BE4440B68AF65F040242402293A53926DB44407E47016044E04140D3840E36CCD344404FE2F75F7CB74140D3840E36CCD34440B0F60360B48E41402BF54D164EF444408191FA5FEC9241401445E5B2130645404C98FE5FD47D4140A961A68A35094540ACAC0A608C6B4140BA0908F794FA4440ACAC0A608C3E4140E41E43AE71F74440179F0260BCB44040EFBB1216CFFF44406F0C01C0B17D4040129FE0078CEE44409E710AC0794C40403706327536E74440A1BB03C0A1154040E7BA5B1FF7CC44403CE31480F3B73F405586B353DAB64440B4FDF17FC3603F401697D333F7A54440509FEC7FE34F3F40AD93865CA18D4440A6D50C8023D43E40EDEFF0C7828B44404377078043693E40655CAB1CDE914440D8840F8013123E40EDD8A599B08E4440824EEF7FD3253D40734CB3CC649B4440D8840F8013043D403E858EE3A87C44407BBAFC7F83393D400FCEE9AAA76B444043770780435B3D4043558EC1F15F44403CE31480F3F53D4034C5D27602614440DF18028063773D4066ACEC7115524440DF18028063F03C406051F809F34F44404377078043D43C40A79629BD21434440824EEF7FD3253D404EBAEB74393544408C5D0D166F123D40B4E9C6C3942544401282FA3B80083D402067B34D9E2F44405258143CA61E3D40722A849B2D1C444035B1027446373D4062BF06C8C00B4440A637ED73C67A3D4005FC3B576BEB434000B806742ED63D40FAF176080CE34340D8E6EF73B6203E40BEAEB2F8C5D8434069050274CA483E400C8CC41D52CC4340025D0374C26E3E40325D25AB64C043401C8EF85FF8883E40C4CD8856179C434047A9086098BB3E403591C28A8D8C43404FE2F75F7CE63E40F6A423EBB67C43401C8EF85FF80F3F40654CA87DC6714340A9621160E4413F401116578D8C6643407D870DDCA2703F407D031754695C434025ACF0DBCEAD3F400D755070CE52434016DF0EDC9AF03F40D2EC913871464340A3740A6E7B15404015941E5DD73F43403EA5F74B933D4040F0D5543713364340CEC3094CA7654040BEFB5F85C62A43406A65044CC7814040A661F888981B43401D67054C81A94040CF83BBB3F60743403711054CC3C140404C86462448F942402D050728CBEC4040AA6C50E290D742407E7D0094B70C4140279DCC6879BE42407BCB07CA8E1D41401A43CE35ABAF42404D66FEC94638414020A15ED74CB34240C46106B68C8D4140C9893C6AC8BF42405DB907B684E0414090E93B857DCB4240925FFDA7B4FA41406C71B64E96D04240756B04A84A194240C7C1212B2AC542408BD10870D9674240AC52FEDE3BAF424059220670698C424060DC572FD0A14240BE250870DD3543402E5E45A9B1A04240E531FB23299F43409AA2339B8D72424015FA0560A8104440C6A3D8FAB73E4240,12,Pontica,Dioceses in Asia Minor,400,527,Romans
0103000020E61000000100000038000000153115B0571332409A294A956A574540E38112B0672F33402E60D9373DC44540BEFAF4AF179D33406AB63C209A3B46402259FAAFF7613440D96F16C47A8846405F7DFAD70B443440D02A54B3DE92464098C0EFD74B223440D322EC2557964640F58A02D8DBEC33404C583400C89C464098C0EFD74BC8334097B3D2FF4D9A4640273A05D8CB843340E32A604C449E46408EE203D8D33133400D88316537A34640525515D86B033340F603057B9FAB464098C0EFD74B14334097AB1F9B64BD4640206F0388CCF232404BAEC51B57D846405568FF87E4DA3240BB83F13663EF4640C05AF78714AB32402481C47E680447402703F6871CDF324062CB5D111D104740EB750788B4DD3240EDCE5EA63B2F4740EB750788B4DD32402BBF6FF0C34C4740EB750788B40A334075141028D55847404B8A13886CF83240B3DFC95D3A754740206F0388CCF23240C0B786A5C38B4740C3A4F0873CFB324091E7C09392AF474059B2F8870C2B33405E88EEBC81D647408EABF4872413334066FD5EF1F1E84740E4E1148864F132408D93670355E24740206F0388CCC5324068E503A7E3E94740B332128874A53240DF98D0EA05DF47408EABF487245F32408D93670355E24740B9C60488C40A32406D3425FECDE2474084CD0888ACC831408D93670355E247408B61FB87FC873140795B657D35F5474076E5EDE798403140BF01B9062E064840FECA10E8C81031401FCC9A16441448406E1C0CD011A43040B09BA5A6551248404301FCCF71443040A3878838293248402FCCD79FA3C92F40A208CAE9C2374840BE45ED9F23FF2E40FFDE544118334840B11D08A083182E40411726B6AF2A48407B44F1CFB17E2D407932075AE4194840BB1BD9CF41952C40BED7312A00274840BB1BD9CF41D32A4091CE650F593048406AF2F7FF2F7A2940FD89464E911048405DCA120090932840971CB96659F44740BA942500208B2840BA4D763B94DF4740781ADDFFCF062A405CB2857B40C14740C7BC0A00C0252A40228C9FC6BDA347408E7D2480F66E2A4015CBCA82CB584740E110E47F76662B406DC86041F12647407DB2DE7F96362C4077ABBE2546084740708AF97FF6112D4002FB438E88A54640BADCDC6F1FEB2B40119AD14DEA69464050EAE46FEF362E4062B6C77F3FF0454085C3FB3FC1DE2F403C857DB750BF454058EF05A0307930407435479029A14540C975F09FB04331405AA1C4BECF924540153115B0571332409A294A956A574540,15,Pannoniae,Dioceses of Pannonia,400,527,Romans
0103000020E61000000100000032000000A58A1C016055FD3F722465C54F0C4540150A09FFBF5DEE3F617049E558334540DAA0820528F4CF3F297ABF5547714540531BC507B0A7B1BF9C144968898C45400E2BFD007BC7F7BF297E088147C345408BD2CEFE7AC4FABF931FD01DEDB1454066FFF27FFD5E04C02960F9FB5EAF45401EF32A00000707C0B8637F13E9B6454036A094FF7F1A0AC09D7E166C9FA945408F79150080170DC095B88E7145C945403CE6550000A212C089E412E4F3B845406504D0FFDD6417C0A8E60F5966D04540F47DE5FF5D481DC02B8B5F044FCB4540D68ABAFF5D291EC0931A3D2BA7DF4540CFA3E2FF8E0620C0A3646AF99EDD45403202E8FF6E0622C04450779687A545406B45DDFFAE9822C0A117AC404675454050F512006F3322C0288D2483D4474540B45318004FBD21C0447CB30F2A354540CFA3E2FF8EC821C036A30F2B1601454048E4F53F445B21C056A3B2BC868544409F1A164084C021C0840607205A144440A024F297F55022C0DC915E92D2C14340E7DBE5CF759921C03876DC3258A44340D0D514D05D5721C0FACDABD7008E4340CD8B1BD035DA20C0F468707CE98C4340415CFFCFDD5F20C0BEB5FA87008B43409AB51490F6B31FC0474B7197F5874340B7A83F90F6D21EC0A6CADEEF238743402C20BC8F06001EC0C14858E9A8784340E020EF8FD6F41CC0FF0E5E1EDF8C434061721F90B6AB1CC07CE4FF238DAD434011D0F18FC6E61CC0C70CB7F07AD94340700B33C047BD1CC03D7A89D25AF64340A94E28C087411CC0D3B7D45A7B1B4440A06C2D4099561BC087D90DD3A5684440AD941240397B1AC04B8478EAB294444092444840F96119C0E5CA873D40CF444074294B00401217C0D3D85E0B7AE944405636200040BB13C036457862F3234540CA5F6B00808D0FC016BCAE803E124540F2308200F8EB0BC0BCA60F76EDF044405D71ABFFF7A803C0837FB67A73E64440A97BAE00F079FDBF22327237040A4540F6C8ACFFEFDFF1BF81E639436D2D4540C7BC0A00C077D3BF908EA320953145403C51F10380F8CD3F5AFF5B877214454079D3A90220D4EA3F22327237040A45405A311A012EABF73FBD8DEE9C3D054540A58A1C016055FD3F722465C54F0C4540,19,Kingdom of the Suebi,Kingdom of the Suebi,411,585,Sueves
0103000020E61000000100000064000000FBB3BCFE660AF6BFD2EEE3AA2ACA45405BCD7CFFCDE8EBBFD1DE6CB57FA94540D606403F006771BF1A632F2DCD8C4540A53283003217E13F27D64E394B594540054C43019925F43F19F3C68B7D26454052994100990BFF3F50F81164A9114540FD5FE07F4CD700409DFEC3C8D84B454035A6160099ECFF3F79D04774AA87454082F314FF98C2FC3FA41841DF6DA64540A0E63FFF98B1FE3F8217435ADFF74540DF6CB57F4C8804405CA3EDB1572B4640384636804C8507403C8732544520464050F39F7FCC980A4048669A55C4EF45408BD9F57FCC760E408217435ADFF74540F381F47FD47B11409C3557512C0A464049B8148014A313406662A1730AFE4540424F35408A3E15400CCF09A9F4F5454088BA0F406AB71640F21C3636E0EF454096E2F43F0AAC18404C5E95F2F7F6454099855540CA811940E129C33CD419464050771A402A4F19402E3C502304394640EC15D4BF3D5219409BC39C3DA35E4640434CF4BF7D791B402A5E9F185D964640B4D2DEBFFDCD1940B9C1508795D246405D9CBEBFBD461D40CDDB85A41EEB46400262F11FFBA62040664E138D201E474084B32120DBC52140D29F26C8C22A47402E7D01209BD623405A2327B87D514740CA1EFC1FBBA62440B83CF79AF55F474066C0F61FDB682440E74CA0A953B24740D746E11F5B332540C1D973BA280C4840108AD61F9B6B2540EC221A17ED48484066C0F61FDBDE2640C255F9F94A5E4840E8112720BBA32740FB620863385F484074E8DB1F7B872940509B82467A4148409F03EC1F1B9B2A401B5A6CAC2738484066C0F61FDBBC2A4092265AC979AE4840D746E11F5B1129407CD8C9E8190C4940841EFF3F2D0E2B40534F72C9693E494013981440ADB92C40362C99A515724940BC61F43F6DFA2B409D98799BCC834940F5A4E93FAD322C4066D1649421CA4940F5A4E93FAD702A4082282D9681E949404BDB0940ED132940699E4C710F004A40841EFF3F2D3E2840F0F66220B6084A40A1112A402DB7274085C4450707264A40A1112A402DB72740523A6070B0574A40BC61F43F6D0E2740DC56483375804A40A1112A402DF525406F17F5A4279D4A402DE8DE3FED0825408925A3D221BC49404BDB0940ED19234048F4D7D0F27A4940F5A4E93FAD3E20406C7195402D79494096B61380DAA71B40B54525B71EB54940253029805A371B4062FC8FA740054A40073DFE7F5A641B40950CDF46734D4A405BD0BD7FDA311940FEC89D6726824A40EA49D37F5AF115401500E31934A24A405BD0BD7FDAAD1540A8DBE1C8E6724A405BD0BD7FDA151740523A6070B0574A405BD0BD7FDAAD1540DB645C8A0E3E4A405BD0BD7FDA451440B871304047544A4096B61380DA37134064AD04FF19984A405BD0BD7FDA291240C4D2C08FEA384A404A605200B5EE0F40FCCBE658FBEC4940F186D1FFB4210A40EE83249A5DB349402C6D2700B52704407EF92A1A678E4940A6274DFF69E5F93F6C7195402D79494059DA4E006A6FF73FB9EA32E30A3949406B41F7FE6907F63F9EF3F0F14B0A49409F4DF501D4F6E63FB6A8AA2BFAF04840E2E20B0700967EBF8F6E844545D04840E9A0C7FF4F8BC53FCB0150FF38B1484056FA22045862D8BFD2E950B864A448409C5C630244A2E9BF43A519A443B04840242F84FF21CBF2BF43A519A443B048406015DAFF21D9F3BFA541FABBB1DF48409BFB2F002287FABFA541FABBB1DF4840E9482EFF21CDFFBF5F67BFC5F5D24840242F84FF216BF8BF5250FEAC018648404EAE31012211F8BFA492B6C82845484057316CFF902F02C0D5DC3C9B764E484009E46D0091C106C0659B65602E52484057316CFF903709C018F6AC529766484009E46D0091310FC018F6AC529766484076782180482512C01598256C05474840AB18B67FC80B15C0BC165F7A1C384840AB18B67FC83B12C0E5D620A3EE0E4840936B4C8048AC12C04E4ADE8C5CF84740936B4C80484411C0406D33999AE3474027D7980091E80CC079E2FFAFB6E1474027D7980091B008C03783E8DEFDB7474027D79800917804C0811A292179AE474009E46D00918902C04CDDD779028E47406015DAFF2119FFBF80A4E3C59D4C47404EAE31012241F5BFD671DB42800E47406015DAFF21D9F3BFDEBE9A45A0DB46409F935AFF194BF3BF3E3CF0D69E9B464028C7AEFE19FFF3BFA872DA53F25346408D2CB2001AB3F4BF49939C5D88074640FBB3BCFE660AF6BFD2EEE3AA2ACA4540,23,Franks,Frankish Kingdom of the Merovingians,482,751,Franks
0103000020E6100000010000001500000017F3B55F25401C40D5820F0CBD134640B637116005161B40F08ABF7142B2454034E6E05F25131C40A8FA3A1515C24540B394B05F45101D40A884ED48F1D545407DF41B60C5611E404550B14191DD4540A25813B0C222204080487D61CBEC4540458E00B03285204057DC0B0EA70A46401A73F0AF92D9204074D06738CC1A4640B614EBAFB24F2140819DD5E1EC2D4640BDA8DDAF02F02140C89A9141EE2E4640E8C3EDAFA2A922407BEE2D7A61264640BBE70A009F6B23409DA9E70F130A464059C324E00056244095792FE7E7FA454037DDF45FCE9F2340FA7DDED85C4B46405009FC9FCBBD224098AFE48D40664640D31F0ED085C62040A18F0963D1544640403EB69F6B6B1F40092EDA0C85134640A629C07F0CDC1E40AE7F3A92090E4640FAD2DB9F8BF21D40DDF480DCF20B4640F562AC5F7E311D405D47874D850C464017F3B55F25401C40D5820F0CBD134640,29,Exarchate of Ravenna,Byzantine holdings in Italy,565,700,Romans
0103000020E610000001000000B9000000A93100D8A9DF2640D52A55FD255A4740EF9CDAD789882540E093569560614740CEB81DD8F9DC2440CBC7A4750A5D474053FBDFD769B8244041F07C2F534E4740214CDDD779122440F863C5364A5647401AB8EAD729CC23404462EDB541504740F82DDF9FF727234003FE3A817A4C4740D74922A067D622401F2DEF26CF42474073EB1CA087E4214067F0D67D705B47402ADDE19FE75721405B7DD00E13654740DEDD14A0B7A6204058FE9D6919574740012704404FF61F40A10C974D675C4740C054F9BF9FE92040573295B8ED51474016CE24A078C81E40A13306293A4B474041E934A018741E405B9565042B3E4740E70FB49F18471E40FDE71F3306334740AFCCBE9FD80E1E4074206FE2F9234740BF9704A038091E400979B1EEA71D4740B26F1FA0987C1D40A0E3409BDE154740971F55A058631C403FE0E42B3F074740DD8A2FA038C01B40BE91ED3AA3F646404B6EB99FF85A1B40200EAF7741F14640971F55A058FB1A403C7771D17FE546403E46D49F58CE1A406F6E02C2BDD84640F0B5F33FF10E1A405FB40928BBAB4640B772FE3FB1D619404707C136247A46402B9C4940F1681A40836D405B395E464034BD4020023C1A4052B669E8F635464006FFCF1FA26E1A40BA36AF45662946401427B51F42AF1B407EF6E9995A2246408850002082F51C40CD499CD334104640CEBBDA1F62BA1D401A7C0EEA2A0C4640A3A0CA1FC2C21E40C9C29D2CB10E46404F0D0B20428D1F40C07507A9421646408A93DA0FA14D20403EA8B4937B3A464037001B1021BE20402512F9EC08564640E75DED0F315321408A8ABCD50854464037001B1021CC2140BA886B8C085B46405150E50F618B2240F22A84388368464031D228B04236234033BCFEC9845346403FFA0DB0E2C223409B7EFDCE7E4346408565E8AFC22D2440D6B6B45C2E0F4640B080F8AF628D2440472145743AE945407ED1F5AF729B24401A93F6ED41CC4540BDA8DDAF02C0244079A004EC59B74540231521D0F4E92440D94099CA4BAA4540313D06D0941C25404ACFF412E39845409B2FFECFC4EC24407D699B2C7F774540CDDE00D0B4C2224006CFADA5BA7F4540DB06E6CF549B22403839956F2A5C4540AFEBD5CFB43B2240352926EBC75F454077A8E0CF74032240016D693D954A454038D1F8CFE42A21408783296FEC3745400CB6E8CF442521409419CAE42F064540FF8D03D0A44C2140464064155FE844406980FBCFD476214006A9CAAD7FCB4440E7D22AC0980D2240995B8C47CAB54440FB2F21302061224033E4333479AD44404FC3E02FA0A42240DD7389B873C044409361ECEF32CA2240A7B90D51A2D24440E9970CF072D522405E77C2640DF14440CBA4E1EF72022340581334FBF60545406746DCEF921E2340111EE9E30C144540BE7CFCEFD229234029A2B2A3E9294540CBA4E1EF72942740E208100D240A45403BA827A0475A2840BD17A1D09932454087A7F49F77B12840D1249096734A454048D00CA0E7402940BD17A1D09932454009F924A057762940CB3E1BFB0A3145406C572AA037B429403A0F40CD3D1C4540B956F79F67B12940AA14B7E16207454087A7F49F77BF29408EDA50736AFC4440A59A1FA077A02A40FC85C37707FF44406320D79F270E2B402042E0719FEA44403BA827A047842B40E24D86FC96D44440AC2E12A0C7F42B4070C108D0A5B744402ADDE19FE7E32B40B3414727229B44406320D79F27C22B40B6A1DE639B914440B92BE4DFA1072C40B3CB3B77D07244406C2C17E071642C400EA39C3FD87B44404F39ECDF71452D400EA39C3FD87B444034E921E031942D40E5D620A3EE534440DEB201E0F1E22D40F79840F86D3C4440A56F0CE0B15E2E40144A5797702D4440AC03FFDF014B2E409ADA087A5E164440AFC30390FB822E4047AA3119F5094440BCEBE88F9BB52E4003BFDBF61CFE434027DEE08FCBDF2E4063F9A9E0A6FE43400C8E16908B2E2F4037EC6B1BCE0744408A3CE68FAB772F402BC79E1C09FD4340A82F1190ABA42F40674340B613E9434070EC1B906BC62F40F1B1A2A3A8CF4340DADE13909BF02F400A7CC9EF82BA43404968ECC7FD0B3040950EF70D23A34340ACC6F1C7DD493040CB2366934FBE434077CDF5C7C58E30400E92F41F88D44340D7E101C87D7C304044F662A46EE04340B010EBC7059A30406CDFCC7D2CF14340099104C86D9B30409936D2086C024440DB2BFBC7A59F3040FB189C56440744409F9E0CC83DCB30405FF192073B1C44406AA510C825E330408A9290485B34444006470BC845A530400D61A9EC43424440A97CF8C7B5803040BF87431DF35C444003FD11C81D55304079F79541946F444042D4F9C7AD1F30408F15C28B3A834440EE9AEB8F8BB52F40DA526AA378874440A632FFC78D303040089833BA07AD44409F9E0CC83D1730409AC32076C7B14440B657F68F4BD72F400DF5E42FE7BD444052F9F08F6B3F2F40E5B39F3929B94440F52EDE8FDB472F407ADF19E91CCC44407D1401900B9F2F404605D2EE25D74440AFC30390FBEA2F4081BABBAD78D34440B010EBC705133040ABC40280DFDB44403B4007C85D333040E5155F1FE3E64440A97CF8C7B5263040F6CE68AB12F644403B4007C85D06304067F3B4D341FA44405DCA1200909B2F40909058BD89F4444032AF0200F03B2F401623226727F7444032AF0200F0E12E40588892B9C7EE4440F96B0D00B0A92E40F8D13E901BF64440466BDAFFDF4C2E4027124C3533F844403943F5FF3F1A2E402D637DE284FF4440A335EDFF6F902D40673D840A710945405DCA1200907F2D409FBFB786A51A4540960D0800D0032D4027591C08A8274540A335EDFF6FDC2C40B016C88191324540645E0500E05D2C40F517B46FF23C454032AF0200F0112C40B2D1FF93BB534540A335EDFF6FCE2B405CDA1D10F06945400794F2FF4FB22B402351052FBC8545408389DC5F7F8C2B40576D06D13D9E454094542260DF2C2B403920AE4104C2454025A3F3AF1FD92A40118D0F2FDFB74540C8D8E0AF8F872A407216F6B4C3B24540C244EEAF3F412A40268AB1C886BF4540754521B00FEA29409B4D918D51B54540187B0EB07F98294020B2AB3D2AAE45401F0F01B0CF2A29401A88653307A845400B5329B0DFB1284020B2AB3D2AAE454051BE03B0BF6828403762B9E771BB45407FD9E2BFE5F62740DB2F44F325DC45409CCC0DC0E515274098015FB890F9454016A311E0B2922640AA038B89EE054640F11BF4DF621F26404417929B7A0A4640FF43D9DF02F8254053633A5BDDFF4540BF6CF1DF72792540281C6AA9F6084640790117E0920E2540258F4C2C95154640790117E0920E254086E485F03F2D4640BF6CF1DF721F2540B3C53DAFDB4D4640E4F30EE0C23825403AA3D6C9536D4640E4F30EE0C292254079CF3FC936854640201620C0D87D264086730D33348A4640E622003085CA264068778A4D127E464041D20A80AF142640D3A25FD7068546409F92103854202740FBF2D96CF278464063052238EC782740366B5B5A2E7C46404CA6E9373C92274008969F2BFC974640C7632738CCB627403ADC9AB6F7B046405684D537B4FB2740778FE004AEC54640D8D50538946628400D4FF1B0B7D2464041AC2788F4E22840D2D1811743DF464081830F888461294015B6F2D41BE746402E97E8876C2D2A406F96794804DF464024B9FC87F4772A404CBAF3E581DF4640342BDB87BCCD2A407B96525DE1D84640B9C60488C4012B40EC32FCA71BDA4640EEBF0088DC162B40825F1BD847DE46404B0FD80F90352B40211917B34AE2464005A4FD0FB07E2B40188534958BD44640AF6DDD0F70CD2B40566A720807E346406C4CFC0FB8DF2B40A1EB8864C4EF4640A145F80FD0F42B40B13A8B4154F846402EFBF9DFDFD82B40E746261A0313474099EDF1DF0F032C40EAB4C93CCD1A47402EFBF9DFDF322C407649C594822D4740062AE3DF67F62B40B6FFD856F9454740062AE3DF67E82A40DF69F8376448474081E720E0F7FE2940C908032A774D47403118F1D743612940B612DB59CB5447408EE203D8D3A42840AE81CE20955A4740191220D82B11284062E75C409E5947402DCEF7D71B7C2740B0DA8869575A4740A93100D8A9DF2640D52A55FD255A4740,27,Langobard,Lombard Kingdom,568,774,Lombards
0103000020E6100000010000003300000056F723A01DA32740E60E513BB20745409C62FE9FFD0D28408F9CD885971D454088A626A00DA3284066AFEBD54F4C454078DBE09FAD0229406AAF36ADB13A45400655F69F2D4629406B0EEFBDE8324540631F09A0BD972940D96AA4DF1D2B45402BDC13A07DB929403B223A5FC715454078DBE09FADB6294012D34BADF3014540DB39E69F8DF42940278028B93FFD4440327006A0CDB32A40EE13B487C5FD4440BA5529A0FD0A2B40B923B5B35CE94440D5A5F39F3D702B400EAFDAEB93D84440327006A0CDC12B40B84A87B9EAC04440C77D0EA09DF12B40194DF41A37B34440A3F6F09F4DD82B4081F03E1A909D44408F3A19A05DB92B40D757B2BEDC904440C0E91BA04D052C40FB4BDE42CF754440DB39E69F8D6A2C409D1BECB0B67C444095CE0BA0AD0D2D40122741C92E7C4440C77D0EA09D592D40A537F5E48E714440A98AE39F9D862D4077C7391C235A4440905EDC5FA0B42D4063EF83FB9A4F444004882760E0EC2D402B0C9944A03844404AF30160C0572E40BDD930540F30444004882760E0462E4026A1FCF6D8164440445F0F6070112E40D642E28175184440266CE45F70E42D40348F7018D41D44404AF30160C0FD2D408E36B7D73C2B444089CAE95F506E2D4090BC9436AC50444036372A60D02A2D407A8AA05A124F44401844FF5FD0A32C407855D250444A44401FD8F15F20EA2C40439DA85BAC584440905EDC5FA0A62C40BE3D9D65756544402C00D75FC0682C406EADE5843F6A444004882760E02A2C400DD4731C895E4440266CE45F70C82B40439DA85BAC5844408336F75F00C02B40F8A224C1278244401FD8F15F20822B40A06650860D9B44405EAFD95FB04C2B4085178E31C19E44407CA20460B01F2B40B52DB1CFEF9844400B1C1A6030AF2A409E85568A91A44440A7BD146050712A4000FE6B7174A24440905EDC5FA0302A409AF940B8A39C44408336F75F00FE294036B2C802E8AA4440A129226000D12940FE179D66E0B344405EAFD95FB08A294054ACD86767B444405EAFD95FB0302940F5B360FBACB94440581BE75F60EA28402D18A600E2D14440E794FC5FE079284005E2D0B6F5DD4440AE510760A041284039647FB03EFA444056F723A01DA32740E60E513BB2074540,31,Exarchate of Ravenna,Byzantine holdings in Italy,565,700,Romans
0103000020E61000000100000062000000C49D24C05D6622C0E526495B05BF434035240FC0DDD622C04471E0381DA74340C49D24C05D1A23C043AE7189656343400A09FFBF3D7722C031AD13B8714D43405074D9BF1D8822C02906AB5E3C354340A6AAF9BF5DDF21C09D4CDC2A083343401731E4BFDD9B21C08ACC7DEEDB1B43401731E4BFDD9B21C0D200FF1072DA4240DFEDEEBF9DBD21C0901EB74621A74240DFEDEEBF9D1722C05794549EA77D4240B4D2DEBFFD0321C07B2D2ADA83854240C49D24C05D4A20C09B8B221845834240DCCE08803BCA1FC0951A6F65687B4240320529807BB91DC0D8314B8E7D8E424068A5BD7FFBB31BC0DA379C9E9C8F42406A481E80BB6D1AC054624B4D0A6F4240DCCE08803BC218C080FF390EB42E4240DCCE08803B5A17C09C2C5A257D134240F61ED37F7B5716C0617ED9034E014240883B4980BB5415C0EA4C2D9D07184240320529807B9514C09509641B5D34424068A5BD7FFB8F12C0C07B267FA0364240A0E8B27F3B6011C08FC6C28C005442407CB7BBFF76C60CC08FC6C28C0054424082FD7C00F76907C0052F3C27A4594240640A5200F74201C06C9458C6C45A42400A8584FFDF3EFDBFB4DF7FD09F8642409F445B00E009F6BF88B1753E76BD42403F89B600C093E5BFB5DFDA8912CD424068086402C069E2BF0A5DF4DB780D434036898BEDFF2DBDBF443499756F4243400C21E7FD7F9CD03FA07C30DF30614340CA1E99F5FFFDBFBF66A35270218F43408F791500806FD0BF6375D466D6BC43402AA976FAFFC0C13F50BC902F1D034440C17649FF3FCCE13FAC6EBBF16A424440B00FA10040A4EB3FE77194933B5F44404F54FC00208EF53F6216560129914440451DA90010EE00409C79A48742A5444075777CFF0FAD0540A561DFEB77D04440209759002A070A40643CAD4FF7ED4440911D4400AA0F09405AA20E86951345408BD782FF29CC08400ADAE4F049404540A9CAADFF29EB0740F824A8C8BE6C4540732A1900AAF00940521A9C4ED39345405637EEFFA9390C4054CB10A62CA24540E35EECFF147110408EBDACC3B0B94540C66BC1FF14BA12407496598462AB454006834AE0FF8413405B84F78F64AB4540EA90BCEFEFEE1240D50926069ABA454012BB3AF0FF75124027908611CAD14540F124AFEF3F811240F0B59015B6EC4540711CDBDF97A21240F0BE8D41E5F945405329B0DF97CF12401A3FE0C31D0E4640E54526E0D78012405569CD87CE2546402BB100E0B7911240DD370884673846409C37EBDF379A11401138AF3D754C46402D6873FF05C00B40FB63311C159446408641F4FF05850A401E861C7CDDE84640BBE188FF857F0840B5C4CA68646047408641F4FF051D0940C49FD95C52A74740DF1A750006120540E67F0B1590DB4740D09C92FF0BDCF73F70F043AD82CA474006348DFD9751E6BF8934BFD42EAE47401F408EFF655B01C0810DE3C9C9A14740616CA500E64401C0D44F7266BF754740A4E51F01CCFAFABF8FEB745A96444740218DF1FECBB7F2BF36E9D7529724474068FFC900CC4CF4BF5A1C214595CC46404A0C9F00CC5DF2BF68799AA3797546403E801CFFCBA6F4BFDC95A7BD521D46405C7347FFCB95F6BFB89EB6802FC74540922510023402E5BF75637251CAA04540BDCCEAFC5F9EBF3FB3DC25B3F27F45406EDAEFFDCBFDE73FC6DFB4E8364845409C52FB00E652F23F1F80796D5B304540D8385101E6A0FE3F83E0AFD10B0F4540EA9FF9FFE598F73FF8FD9B17A705454098599DFFCBD3E43F82581565DF0A4540244B20046884D3BFE1A0947B472E4540DB79B0FF1989F1BF72CCECD20A284540166006001AD7FDBFAA60966E790145402A7091FFF29E03C079D8B8BC41E84440D7DCD1FF72BD0AC078F17EDC7EED444030B6520073220FC078E5E576D00B4540364E5480399C13C0D23892D3F0274540863EB37FF9E716C043DE384A5AEA44404EFBBD7FB97F19C0E9E32D99DBCA4440AE934440CF201BC0EF1A57D072754440C9E30E400F3A1CC087CBBFD00220444075504F408F041DC0D50A70CD5FDF4340E6D639400FC11CC019A33BA9ABAF434075504F408F041DC0D859FCBFCD804340ABF0E33F0F831EC0A6C33BA7F6764340ABF0E33F0FEB1FC0C08C52D714844340811302A0270921C043F583782C85434073EB1CA0878A21C03E119BFA86A14340C49D24C05D6622C0E526495B05BF4340,20,Visigoths,Various Visigothic Kingdoms,418,711,Visigoths
0103000020E6100000010000004C0000000616FA3F0B29334007F92C11A0B43B403F59EF3F4B8B364007F92C11A0B43B40958F0F408BED3940A1453A2CA2DC3940CD540C8086283C40CDE9B298D80A364090C8EB7F88623C40609865B22C5A3240DF180280632B3E408D1D7D616CA02E40F5CFFCFFF2284140B3795E22C52129400616FA3F0B45454009DFDA0DCB2427400616FA3F0B9F45408529A997088528400616FA3F0B91444076B14026DF792D400616FA3F8B6C4340F68C8EF51E8631400616FA3F8BB842406C05B07567F13240CED20440CB694240D067DD925EE835400616FA3F0BB34040CBE4482544BA3B40CBC707A0C52E4140E108B55331043C409FACF79FA59941404BF05DB5F8213C40030BFD9F85044240A578A6E1A5D83A40CBC707A045AD4240B85C79A080DE3840CED20440CB774340B08F0C41275E3740CFC8F7F7DF4D46402245CFF3C88C404047AF06280D1E46401C7920B2C80E4140B772FE3FB1CB45407C38F53F489F4140769AF5F70C9A4540D3028B2EB521424066BAF857E633454014C84F573584424027F7F9F732CF44405AD8D30E7F7742406EACFEE7B41244405663E85C7A3E424082C4FA2FA53543406C8C088C96A14240305BFCB75C8D4240FBCDA366B8A242409FEF0280BEFA4140017E748720D042403B91FD7FDE08414005BFB2776BAC4240300A0600DC4F4040034C32D5406142405846FA1F26E53F408A6E83FB7D4A4240C13005106322404069709D774A264240258F0A10C349404082212723990F4240C130051063224040D437FE7E10844140258F0A1043334040B2B6108176614140FA73FA0F23714040B2B6108176614140F3DF071053C8404085C67EDC9F714140258F0A10C3FD40407D9112B3458D41402C23FD0F932D41402ACECD0EA3C641405ED2FF0F03EA4140821B8C85DF9141405ED2FF0F83004240813F5F27B3454140FA73FA0F23D9414059DA0CE497194140C1300510E3CD4140947E0C6748DF4040FA73FA0FA39541405BDA5F2CC2B24040FA73FA0F237F4140C639E2777054404090810210736B4140CC668A1009064040FA73FA0FA33B4140B10DC3E4997C3F405ED2FF0F83F24040B85B2FD9BA2F3F40258F0A10C3A34040016C82A08A343F402C23FD0F934C4040B06C8BD761043F4083610A20C6EA3F4063AEB1F09A643F40F4E7F41F46203F401498CAB292943F402824FCFFF6713E40062A460A23733F40FD08ECFF56123E40FE646B01CA173F40F0E00600B72B3D401336B01366EC3E40B79D1100776C3C40A4754CC4F8123F408C820100D7583B407774F1F1E8473F40533F0C00976C3A40F764F660EF773F40FD08ECFF56DA394016D674DAA6AC3F40C5C5F6FF164839401A4BBB451E8B3F40FD08ECFF56F93840C63A4D4D1FF93F40C5C5F6FF163A3840312CB969B7034040533F0C00974237409A106BD80C254040FD08ECFF560A3740DC657DD2225240406167F1FF36673640947CD391AF7C40402824FCFFF6D43540947CD391AF7C4040533F0C0097533540276FFC60CB694040238CFA7F3086344094A5D6FB8D404040B2051080B0E83340FE5725AA1A054040B2051080B0E8334042AC61337E973F40B2051080B01534409FF7CE81483C3F40B2051080B0153440024D21E393C83E40BF2DF57F50C133407BF533ED49763E40238CFA7F304B33407BF533ED49763E400616FA3F0B29334007F92C11A0B43B40,10,Oriens,Dioceses of the east empire,400,527,Romans
0103000020E61000000100000050000000BC0D414084711540870A1F5B60984540D9C0CA5F29DC12407555455D10BE45409D8C4360597F12408F36F18246D745409D8C4360597F124037F2CC0DFEE445401898B25FB9A61240C851CAB5B2F3454043B3C25F59061340C3E30DF647FA4540AEA5BA5F89301340D18C4D4422034640DC632B60E9FD124011772FD6BB0C464015A7206029EA1340DAE85A8310FD45406BDD4060695D15403A0900E9F6F44540821A21B03018164069CF3CEBE0F04540E67826B010B0164069CF3CEBE0F04540545CB0AFD0B2174084413E8DA0214640680FCD9FE3F91840A409CA236E5A4640BE45ED9F23211B4041A15C2230924640558EE27F9FB71940C0875CBA93C846407FECFD5FD85C2040424CBA14F41B4740A374E95F92A02240C722763BB53C47409C8D1160C3032540E686F0798F634740DA290C80A79F2A40515599109051474069E21DE049B72E40389A0A8E1E424740B20DFD8F23C33040E95CD582AC474740D5E4EFFF5F9C3240AB5FC86E8F8847400590147053DE324083C7123100514740A7DDF98F96B732405ECC4364E0094740AE5D03F089CD3240AB61F9D25FD94640FAAA0960D25F33407A90D8CD109E464016A311E0B2EF3340897E2BE1A29D4640E8310C50014F3440B5338E89FB7C46409BB10510806B3340B0BCF5ABCAF2454004FF00101CFD32408CC7DA1905B34540C054F9BF9FAB3240FA37DC05D2244540849CF7FF7103324038804434B65B45402112114062202F40E1AA1D8B8ECF45402D6AE67FA8CA2B4047B53E9B0B6746404714E67FEA2E2B407193CD2CF4AF46409FACF79F25F32940F3B32EC16BCD464002FB22801FC02840FFAF9D9CDFA04640F68CF11FDA0A2940A61F1ED3A46C46402C82DE9F7B9E28405A36ADF3F342464014BCD7FFEF142940A9358B1F7C0A46408471E43FAC342B40C7E6D3F8BFC8454040AB064060162C4069DD48D1316B4540E8502380DD472E40E4E9E8FAB6034540E6ACF47FB33430401AA1E1C5A9F344408F79150080153040024E6BAA59C54440720315C05A013140943B229598994440EB44F6FF7991324046E7E377A61D44400C570740DC67324053EB1E5524DF4340DA94E99FF9FB2E40F4D57E000C2443400A09FFBF3D4F2C40C7BDD8FFA9024340ABB1E7DFEC8C2E40626602F263EA4240A6181860BC6A2E4025B1A4DC7D8D4240C52F0620FF1C2E408994A80F8B5C4240A62C010019CB2B40B1A6D336D5894240C94D1E60F78D2A40F7148C8C06B7424092ACE4DF3E1329408FDA4802A2D9424088A3E51F013E29402AF42CCEB907434060AAFCDFCF303040589D49598EFC42404041F71F7893304091FB6F88E52843402A33082073103140EA45061CB676434043B603E065A93040A830DF8F95E34340D771F4DF201B3140CB14CEC9663944406362148056373040F512217DAC6743403AA9F59FB1253040464D0D97C9994340754EDCBFECBB2E400D84E839B709444051472A0084312D40A1B96F31164844408DD41800EC702B403B5432840CA14440E4320B40E5FE27406E42CEB9E3FC4440AC17E87F5E8F2940503A9160AAB44440705FE6BF305227402EF367895F1F454019D921407E852640529519E381454540B8C41540C6A82440F694DE2FCDC145400DD5FFFF2062234073F521772A1B4640F15AF03F85292140294F8B87982246406C440F004514204085FF3A587BEF454068A4EF7F91751E40FA211DBB17E3454093EA1240F7CA1B407BF67DB40FBA45408FCCFAFFFE0519408A620BA4B88C4540BC0D414084711540870A1F5B60984540,22,Ostrogoths,Ostrogothic Kingdom,498,565,Ostrogoths
0103000020E61000000100000088000000C49D24C05D6622C0E526495B05BF434035240FC0DDD622C04471E0381DA74340C49D24C05D1A23C043AE7189656343400A09FFBF3D7722C031AD13B8714D43405074D9BF1D8822C02906AB5E3C354340A6AAF9BF5DDF21C09D4CDC2A083343401731E4BFDD9B21C08ACC7DEEDB1B43401731E4BFDD9B21C0D200FF1072DA4240DFEDEEBF9DBD21C0901EB74621A74240DFEDEEBF9D1722C05794549EA77D4240B4D2DEBFFD0321C07B2D2ADA83854240C49D24C05D4A20C09B8B221845834240DCCE08803BCA1FC0951A6F65687B4240320529807BB91DC0D8314B8E7D8E424068A5BD7FFBB31BC0DA379C9E9C8F42406A481E80BB6D1AC054624B4D0A6F4240DCCE08803BC218C080FF390EB42E4240DCCE08803B5A17C09C2C5A257D134240F61ED37F7B5716C0617ED9034E014240883B4980BB5415C0EA4C2D9D07184240320529807B9514C09509641B5D34424068A5BD7FFB8F12C0C07B267FA0364240A0E8B27F3B6011C08FC6C28C005442407CB7BBFF76C60CC08FC6C28C0054424082FD7C00F76907C0052F3C27A4594240640A5200F74201C06C9458C6C45A42400A8584FFDF3EFDBFB4DF7FD09F8642409F445B00E009F6BF88B1753E76BD42403F89B600C093E5BFB5DFDA8912CD424068086402C069E2BF0A5DF4DB780D434036898BEDFF2DBDBF443499756F4243400C21E7FD7F9CD03FA07C30DF30614340CA1E99F5FFFDBFBF66A35270218F43408F791500806FD0BF6375D466D6BC43402AA976FAFFC0C13F50BC902F1D034440C17649FF3FCCE13FAC6EBBF16A424440B00FA10040A4EB3FE77194933B5F44404F54FC00208EF53F6216560129914440451DA90010EE00409C79A48742A5444075777CFF0FAD0540A561DFEB77D04440209759002A070A40643CAD4FF7ED4440911D4400AA0F09405AA20E86951345408BD782FF29CC08400ADAE4F049404540A9CAADFF29EB0740F824A8C8BE6C4540732A1900AAF00940521A9C4ED39345405637EEFFA9390C4054CB10A62CA24540620DBCFF346E11409FA785BB48B64540EF37FB7FAC3615401CCDD3B131A445409E493880C00F19407F1A1084588045403C0E2840B9261C4073E6CBC913BA4540E88F1FE0FF2D204016B2A9A99BE845404A1E1520861B21404EF501D4162146404A1FE31FF0EB22401615B3569B1C46400489F55F4A7D24406447DBDFF6F145400B8629801825254028493206B18245405E70DDFF8D1E27409EDA324357244540EDE9F2FF0DCA2840EC02770379CE4440975CDE7FD8322A40C362D4B5768F444099AAE6FF76E52B407C9A9317198E44400A8B0600F9BC2C4037A7D41DF2504440AD161A80F4B82D40DB40915983524440428FFF9F16672E401790E65D2FFD4340C2240980F9B12F40F7C3D7F057CF4340C8B00E70D64E3040E7F427B78E754340957B26A02E032F4040BC53A63D2B43409578E51F22B22A4069FF66D6900743405D9FFF3FCA8F2A40B9AE14D9B9BE4240F4A72AC0B9672E40E23FBC32185B42404F4DD57FCEDD2E40286BABC402EB424084491200F31A304075692EFD6CF5424036AAF48F953231404B8092E9EDAD4340E5650B101E943040166150C7DFEE4340F92C11A08DFD30404550903328364440E8AF0410464C32408E84E8D60CF443406BDAFFDF5CED31404ABF549E06574440E77C04400D743140AF6D9BF31D7744408E1B0270810C3140BB05D868358B4440609613407387304053E4D6C5E9A44440FAB2F66F453A3040DD65F999FEF64440C0AA1F402BD12D40EA71E7DBE51945406E3CF1FF575F2B400B0F1625D3BD45408D7EF27F606F2940E66CE803D50E464065D8EE3FAEF8284006F6B956D29F4640CD01278007212B40F65199A42AC14640EFE415802D182C40DC636D7CBB5D464047951FC03BAA2D40473D0287690D46406966146803663040286C37A81A9C45405B90F31F4E253240A27C8327DB5A454075E3FE9F9AFD3240B02D2C4D04B645409132FB9F70DB33402BA50450CE3B46403F84020011623440EA650C5A658A46400ADEEBFF77383340A221467CE5AE46406F24F9DF84C43240CC30C5879F1847407F1711209EC532403E3BA60F597C4740B428054089E93040AFEBD5CF3442474079BFD9FF63612C4061D79BBDD8464740FA3CEBBF7376294083C7123100514740CCC3F81F4F8B24406476F5AEEA5E47407B3C04C03E231A401145F594A4CE464049CCFD1F71A920407273A6E0DB1947406B45DDFFAE081B4040F9BB77D4984640236019C000CB194061E077DB9E7946401F99F5FFFD9F164047892330D2F745405329B0DF97CF12401A3FE0C31D0E464041E6F31F0CB311404D1DBB762F0D464041B5E297D1B210408DBB7B5FE00E4640051C7C4024140E40EBEF1947B4FA454001A4577F5BFA0A4051A091001CED45406503020074BE084027CCE637ED144640BC8DD5FF9CC60440789838EA4F2E464002A76F803685FE3FDD6D28C643F945404E569800F4B2FC3F3A29484378A8454007403F0067F100400D34C081A05B45401706D1FF171400404FBE2C2F71254540D8385101E6A0FE3F83E0AFD10B0F4540ED908BFF75BDF73F3ED57CF0B519454098599DFFCBD3E43F82581565DF0A4540244B20046884D3BFE1A0947B472E4540DB79B0FF1989F1BF72CCECD20A284540166006001AD7FDBFAA60966E790145402A7091FFF29E03C079D8B8BC41E84440D7DCD1FF72BD0AC078F17EDC7EED444030B6520073220FC078E5E576D00B4540364E5480399C13C0D23892D3F0274540863EB37FF9E716C043DE384A5AEA44404EFBBD7FB97F19C0E9E32D99DBCA4440AE934440CF201BC0EF1A57D072754440C9E30E400F3A1CC087CBBFD00220444075504F408F041DC0D50A70CD5FDF4340E6D639400FC11CC019A33BA9ABAF434075504F408F041DC0D859FCBFCD804340ABF0E33F0F831EC0A6C33BA7F6764340ABF0E33F0FEB1FC0C08C52D714844340811302A0270921C043F583782C85434073EB1CA0878A21C03E119BFA86A14340C49D24C05D6622C0E526495B05BF4340,24,Regnum Hesperiae,Kingdom of Hesperius,511,526,Ostrogoths
0103000020E610000001000000390000006980FBCFD45138404EED6F7D96DA4540CDDE00D0B40838407096B3F38DD84540C64A0ED06468374072BE9ED0E7EF4540F8F910D05400374017EE9E34BBE345407014EECF24D6364079F9848912FD4540D472F3CF0414374066683C11440F4640A2C3F0CF149B3640083FCCB96F244640D472F3CF048D3640220C2C158E3B464038D1F8CFE4CA364069D154B2903E4640FF8D03D0A4923640B20720D697624640D472F3CF043336409171F7FF9241464038D1F8CFE4E935400A1DE85F9A544640FF8D03D0A484354006648E69966546400622F6CFF41635400BDE049D986046409B2FFECFC4BF3440ED9F86F3995B46409B2FFECFC4923440DC6202A78C724640F8F910D0545D34406B351C7D698B4640731FEB6F2A063440861B11084B664640ADEB06C02E94334003403645D7354640A87A0980B71E3340BBA28C9F63B74540313D06D0941F32408759818455564540313D06D0947932401E90DF362E354540A2C3F0CF141733401837A06B800A45403E65EBCF348D3340EFADE52115EA4440CF19EEAF60723340B91F095E21C2444057FF10B0906F33405F40B3145EA0444096D6F8AF20673340B0251E2FA870444025500EB0A05033404348CCA2E6534440CF19EEAF60453340A80E66D1C332444025500EB0A0D7334099A5F853BE06444057FF10B0905034404476D6551EAF434057FF10B090AA3440659BA77C8077434057FF10B0907D3440E5EC9DD1D64D434000C9F0AF50723440B08C2EEBD5F842406427F6AF30DD344091896BE741CB4240FA34FEAF00673540F9B6C3D369A642401C8EF85FF8913540B4633CAD4F7B42400E66136058B93540E43402F9AB5A42401C8EF85FF8803740C864ABAA9B9C41408680F05F28B93840E6F18B7D0F89414079580B6088B33840EDBEDF3FC87741408680F05F28C739407AE7ED5BEF78414054D1ED5F382F3A400F67D9EE7975414047A9086098563A400852CEBCC19D41402222EB5F485C3940D0B550AE00324240B19B0060C8183940B4633CAD4F7B424054D1ED5F38D539402F8D7815C69743402222EB5F48103A40C15C83A5D7BD4340DF0C06F079213A404371A68D13004440A7C910F039433A402BF58F32A0244440A7C910F039163A40BCDFB254284B44407CAE00F099E3394078A4136CD0654440751A0EF049703940639F5B4384714440436B0BF059F7384071DC318EF4784440A7C910F039AE3840F32397623B8F44402F2EFAAF18793840D54D18833DE045406980FBCFD45138404EED6F7D96DA4540,14,Moesiae,Dioceses of Moesia and Greece,400,493,Romans
0103000020E6100000010000002E0000008C760570EDC72640D596F8AB190346401A3F22E0EF192640BAFA2D11DA0A4640538217E02FF825402946D077BBFF45406DD2E1DF6FF5244096F42843F214464060AAFCDFCF1C2540885D80223B5246408E4C13F8BB362540434FF323386B46406D0FEFF7939A25401D4AA3B8198546409B74F8F75B77264018E2A2A4D1894640C015FD5F7DED2640BDC4DCDE037A4640B9810A602D5B27408A7EA7A8FE7D4640F858F25FBD7F2740F76E980D57944640B9810A602DB527409217E30DFAB54640B9810A602D0F284032EC28B5B4C84640B9810A602D692840EFC93F0A09D3464095FAEC5FDD03294075EB142FBFE246405CB7F75F9D7F2940FF7CF88519EA46409D751940F0F1294006D207C367E0464032832140C0D52A4010D72082E0E14640473FF93FB0F42A408EB21B0976DD46407F82EE3FF01E2A406B2C405FA3D34640B8C5E33F30A32940D363BE3057C7464001D41E40D0212940755204DD83BB4640725A094050DE28403B2A698B0CB94640A4090C404076284072D45D1BA2B2464022B8DB3F60652840E5FCC17E57A046401590F63FC08C28408ECA2CC6E99846401B24E93F10D3284093C8BA8F8E864640391714401000294097E4C2791F7B4640473FF93FB07E2840BBEB321D365D4640C8902940908F28405F6911382F4146400EFC034070A028401129BCBA192D464032832140C0B928403A2CE47C77194640B8C5E33F30492940E5123FADBF0246400768114020C22940312DE22294F445401590F63FC04E2A40FD5C9FFFBFDD454032832140C0D52A4021851D8C79CD454032832140C02F2B407046070353C5454001D41E40D0892A40B4B6DF907CB445401590F63FC04E2A405B6E38452ABD4540FD131A90D6F729401BCC4F3FE2B74540752EF78FA6A0294018F34AC421AC45408356DC8F461F2940B271D43C8DA84540C5D0249096B12840168E9C5C3EB145409AB51490F65128400C84CF9C16C245409AB51490F6F72740A296E65608DB45408C760570EDC72640D596F8AB19034640,30,Exarchate of Ravenna,Byzantine holdings in Italy,565,700,Romans
0103000020E610000001000000A6000000F901FEDFC7C9454010D6D6BA9A592940F901FEDFC7504640F83293A0A6432940F901FEDFC7D74640000E901E75A22A4095A3F8DF679147406FFB16848F8C2A4095A3F8DFE75B48406A94057E1A162C4095A3F8DF67F94840A23427714EF52D405D6003E0A7B849407D60E01C22E42E40C0BE08E087234A40CCCB485A7D912F4095A3F8DF678E4A40025D2482ABD63040EED1FADFBA2B4B401026A4B93EDA3040B58E05E0FABD4B4059349D9D0C103140EED1FADFBADF4B40BD0743780FFC31408A73F5DF5A3F4C40BD0743780FFC3140523000E01A614C409A786AA28DD13240523000E01AE84C406145DB6B20FC32408A73F5DF5AF34C404D77C7F7FFAD3440B58E05E0FA7F4D404D77C7F7FFAD3440523000E09ADF4D40486FD99DC5A93540523000E01AF64D40DD5C1D7C38AE3640EB05FA9F57704F405BB694FB362A3940B30101007A1B5040C3533CEC8D333A408152FEFF89835040C9AA8C6FBD8D3B40482402BC22985040AEEEDCA437DD3D4079D304BC92A05040B8AE9811DEC33E404467FC6FE3B95040AADBF2F43E0740400F6E00708BF350409F0B1B4CE04641400F6E0070CBFE5040908BE6D82C2542407616FF6F93CD5040C96359728DA54240DDBEFD6F1B645040878E991BBECD4240AB0FFB6F6B235040799109F8B50943401EDC00E096B44F401FAB4A11CF6C43403CB801C02D6B4F40275061F8CA1D444075FBF6BFED7E4E40A2DDB629FD034440D859FCBF4DF24D40891D95B4C5B1434075FBF6BFED704D40EFD7325339DA424075FBF6BF6DA64C40B4192B5A4E61424075FBF6BFED084C40EAE944FE70EB414075FBF6BFEDFA4A403184526AE5C64140D859FCBFCD574A40980BA6AB0582414075FBF6BFED0B4940D71919C3A0864140A01607C08D3E4940B4192B5A4E614240A01607C00D284940902ACC73ABA442403CB801C0AD7948406C34A936F2C342403CB801C0AD794840AFD59ABD9E5143403CB801C02DBD4840230C0B0725C34340D859FCBF4DD948407C6473D53C33444075FBF6BF6D4F49406DB1D3F6CC3B444075FBF6BF6D6E4840033951E057AA4440D859FCBF4DCB4740D3AE194B1EA6444075FBF6BF6D8D474094BB532AF69044405BBB06E013AA46400A60B123618E44405BBB06E013F64540356B9D7680C944405BBB06E0932B4540FB1962E56521454094FEFBDF53C644402BFA6441B829454030A0F6DFF3F84440855650E6D99644405BBB06E013E84440BB2F80534C4A4440DF0C06F0F9F14440CC0F1AC937FF43401850FBEF39A3444097BC4BF358D8434011BC08F0E92F4440696934DAA6B543401850FBEF399543408F709C0C758E43407CAE00F0996243400216F184FB7C4340DF0C06F079A04340D0B1E67417674340B4F1F5EFD99A4340F4A78DEAF4434340B4F1F5EF59844340682D79FA10FB4240AE5D03F08954434001FD9D718ABA4240E6A0F8EFC93243407F8BCA5DB69F4240B4F1F5EF59D04240B7F7C2C7D46942401850FBEF395A4240D0BDE20401484240AE9003C0C2E34140BEB04687D1214240AE5D03F009034240FD885FB18621424020750150C17341409AD16E78EAEA414059B8F64F810E4140819FAB8CCAC141408A67F94F71A6404073C04BFC93A8414052240450316E4040E346DB42A1B84140B682095091684040650A8CAB008D4140207501504122404043403A4C6688414020750150412240400884290C425A414020750150C1654040513BB2A8BE47414052240450319B4040ED8ED66201514140B682095091C240409B26C7F80B6F414084D30650A1FD404093C8DB9DF7754140B682095011E741403ABC736ADFAA414084D3065021F54140924AA932A973414084D3065021F54140513BB2A8BE47414059B8F64F01D94140411A251AEA2B41408A67F94F71B441406CD17E7B09F440408A67F94FF19D4140B9D06C8922B0404020750150418A4140120F8BC52D6E4040B682095011604140B0F2BA3434FD3F408A67F94F712D41402BDE651237473F40B682095011D94040AD3783228A253F4052240450316E404047EC0BCFE81B3F408A67F94F711F4040568F8700D8683F4015CFF29FE2E43F40286FF4EF02943F40792DF89FC2143F40286FF4EF02943F40A44808A062C03E40E988320A388F3F40A44808A062663E4079049A7C71723F40DC8BFD9FA2173E40FD725E4AFA333F4008A70DA042C33D408525DC3364D83E40B170ED9F02043D408525DC3364D83E40A44808A0621D3C4004127FDAC9383F406B0513A022043B404EAA09E40A643F40A44808A062013A4059E02BBAF5AB3F40B170ED9F0280394060749A81A1853F4040EA02A082E23840BEDE9AC7230840406B0513A02207384032F7FB8BC10540408FCCFAFFFE16374008869C8C641F40402C6EF5FF1E0637400E88AD2C135D40402C6EF5FF1E253640191F0305A06D4040C80FF0FF3E603540D813B8D0705F40408FCCFAFFFE4634404F6A792F083040401E4610007FD633402942453069B43F40E8BB00A02F0D3440EF550A0595173F40AF780BA0EFD433404E65EEAD8AA83E40BCA0F09F8F5333407DB2209C686E3E40E8BB00A02F783240CDAA952ACD813E4020FFF59F6FFC314087D6D4C3E1D83E40AF780BA0EFD73040A4C81827D7F53E4097340C401F722F40C12DCC001F563F40DAD3E5FF1B982E40029A6B4559104040874026009C462D40F38E5374243B4040BF831B00DC622B40CA0AD1630C6140401217DBFF5B3E2A40D6E6DE47DE6C4040A190F0FFDB192940FBDFB65B375540401217DBFF5B142740E86C7D6851974040300A06005C3326403897C90D92BA4040300A06005C8D264071CF4E6100474040694DFBFF9B2D2840E41391E54DA93F40A190F0FFDBCD2940D560D869BD3F3F401217DBFF5B5A2C40B596551A29DE3D40BF831B00DCD82D406510E52C684B3D40E0C10D006E8130400DD29D712B413C40432013004EA031409CD124EB4F393B40E0C10D006E9D32407309B05D14D03A40E0C10D006E3234402D8960DA3F073B406DE90B00D96B354087261E8AE1043B4042CEFBFF38743640198C95C1E60E3B4042CEFBFF38AF3740556BFEEB1E693A407B11F1FF787C394032B7B564D9993940768C0A20A53E3A401EAF177573333940AECFFF1FE5DE3B403E02E222B50A3940DAEA0F20854C3D408A5738CD2BBE3840DAEA0F20850E3F40CEDFA550ED8538409FA40A90B2434040AB485C32546C38403B46059052D040409AF982D4F55C3840A538FD8F8254414056D678E1B5523840099702906292414056F58F119276384042DAF78FA2434140C5824E4A396139403B460590D2134140F193B42CA9953A407489FA8F12C5404071A66C050B9F3B40D7E7FF8F72194140C2804ED6E2C63B406DF5079042A341405D19541B9CF83B409FA40A90B20542404D8F5CED17FA3A40854503807C96424074D42C2BA8EB38408BD9F57F4CC6424095EAA7A4F31E38408BD9F57F4C4D43409460DCD3F6B237408BD9F57FCC9043404A01B38C1E7236408BD9F57F4C7A4340CEB74FD88FA1354021E7FD7F1CD74340468AF12FBCA53440539600800C5044408FF899A35CF2334021E7FD7F1C8B44402974A07F69FE3240B7F40580ECE7444056E99381A8F33140539600800C5E4540C669882AFC373140E8A308805C7745405B73CB3770D32F40E8A30880DC8D4540E9A83848676E2C40F901FEDFC7C9454010D6D6BA9A592940,33,Arab empire,Arab conquests under the first 4 caliphs,632,661,Arabian Tribes
0103000020E610000001000000B7000000083102F070432F401A8F6BA6EF114340AB66EFEFE04B2F40E48BCDF96F1C434097AA17F0F0862F40B14EB6FD82224340CFED0CF030BF2F400E0795FAAA3943401559E7EF10D02F404EDF6397454B4340AB66EFEFE0A52F40561E3051B5554340804BDFEF40FA2F405A8F4E9F955F434059FDF0771823304086CABF96D75C434055B3F777F02C3040A207A130667443408EF6EC77300B3040BAD7497D598B43402304F577000E30401D179B7798A643406B8F07F050DB2F405623E451E4C94340DD15F2EFD0972F400CF7BADA44E94340FD5625706F5B2F404B6C883B28044440747102703F042F40727D8AA9952E4440DF63FA6F6FD42E40879C293A337844401113FD6F5FC62E40FB3DD25C7EBD4440B448EA6FCFCE2E403FEAE90262E444404956F26F9FFE2E40AFDE34BF92F34440ED67EBBF52FC2D4090EC3AE937CA4540367626C0F2C62C4075498BE9783C46401983FBBFF2992C40A52F428025A046408A09E6BF720A2D40FD838AA2EEB24640449E0BC0926F2F403797D17E5A074740BE700060E9E13040D9426F75A94147402EA814E060DA314092E5EAE8346D4740D1DD01E0D0C3324092E5EAE8346D47409F2EFFDFE0FE32401AFB928D872A47407413EFDF4026334024963902DDC146402EA814E0609C3340CB1B9A9145A14640D771F4DF20453440D5FBF81160964640959B0BD074A63440B6B3548355634640313D06D094EF3440E04E01B4566046403E65EBCF347C35402A0B15D2506B464063EC08D0841C3640008C67D0504146406980FBCFD48F3640972ECC5B58584640C64A0ED064B4364057C9090B55484640313D06D094843640E412AA4843334640A2C3F0CF14C8364079FF068A2B2346403E65EBCF34113740CB9E0436E70446406980FBCFD4E93640C10E52A687E7454038D1F8CFE4513740679A6EE192EA4540C64A0ED064C23740E868132F68DF4540561709D063593840D53F4648F6CD4540BA750ED043F138408D855B1D04D145403190EBCF137B39408D855B1D04D145402BFCF8CFC3BB3940038871EDFACE45401DD413D023103A40F74731A34CE245405DABFBCFB3613A40F6D67E3AB70146402BFCF8CFC3233B40067C0251C5064640C79DF3CFE3C63B40B6A3B40EF91C4640C00901D093073C40F1E6992C283F4640F2B803D083CC3B400BB863C12F604640561709D0630A3C40B8EA3A54D39F4640BA750ED043483C402C8A4FE892B54640246806D073CC3C406C2F1644ACAD4640246806D073533D408F9126BD73BE4640EB2411D033CF3D404A2413E87ABC4640633FEECF03D23D402C4487C011814640C79DF3CFE3883D407DC2E11E2E64464095EEF0CFF3E23C40C7F618B42941464088C60BD053B03C4048F820FCF219464088C60BD053B03C407D24042F23D84540C79DF3CFE37A3C40CFC1129360B04540246806D073183C409CBBE16771B345405DABFBCFB3F63B409F91E77E778A45403190EBCF13F13B4078913277676545403190EBCF13F13B40F17B4045FA574540F2B803D083CC3B40B35CBA720B5A45405DABFBCFB3C93B40469F87C199304540EB2411D033E03B40F28B1A6560114540633FEECF03103C404E06AAF366FA44408E5AFECFA3153C400B61F379DED84440246806D073723C40394799E432B74440633FEECF03783D409D201C7941A544403190EBCF133A3E4031F635FD9F994440BC8C070033903E40A08FF0C530824440529A0F00031A3F4090879DADAC8A444020EB0C0013553F40201E4FEC9D9B4440FB63EFFFC2953F409988AF5DF7B44440FB63EFFFC2EF3F4030E4A640C5C44440FA67FE7FB92E404046604945A5D644409709F97FD9774040E9CC4595C4EE4440F71D058091BF4040D0A5D1478D004540FA67FE7F39F940403B27AC4324F744403D24002814494140938E301449F04440D9C5FA27B47B414000BABB10A30F4540A4CCFE279C934140AA6BC4FE78F44440082B04287CA44140F210DFEC83DF4440406EF927BCDC4140F210DFEC83DF4440721DFC27ACFB41402134AB0C9DE144400FBFF627CC1742403F24D7A862B444400B75FD272438424090A5CD407EA344403D240028145742403F24D7A862B44440082B04287C85424046246D57269D4440082B0428FCC84240A354A976D98544400FBFF6274CE24240FD393FA4638F4440406EF9273C014340F00A6DCE7B7F4440A816F827C44B434098480E7D9C704440A816F82744BC4340A354A976D98544402F9E079875FC4340DDA2A387E77C444032E800989D1F4440FC95E724887644400039FE972D444440B151D66F268144403632FA97C5344340871125CE48464540964606987DF54240FD3FDA419DC045400483F79755D242401DA46D1D185246403A1F015083B04240FDF99552C063464068840A50CB9542409DCDB2409E8446403A1F0150036D42409C153005948A464036D50750DB1C42409DCDB2409E844640A1C7FF4F0BED4140B66A323EA77E4640D3760250FBDE41409DCDB2409E84464036D50750DBC241406F394D55908C46403A1F0150038C41407A5FE853BF6546409E7D0650635941407A5FE853BF6546406F18FD4F9B304140E4E8E04FC3534640CF2C0950531E4140D3838252B43846400870FE4F13E640403B5752F6AF3446400870FE4F13B94040F7698953B53946400BBAF74F3BAF4040CFA63C1DBC41464005260550EBC24040F0EE7510C35146406CCE0350F3C94040F9F884ECBC6946406CCE0350F3C94040F503CBCF958946406F18FD4F9B8A4140B61EF086D5CA46406CCE0350F37D41409B13E60323B646407262F64F439741400976D39856A54640A411F94F33B6414060CF74025CA3464068840A50CBE141407D8DC98745AB46406CCE035073EE4140FE4A8499F8C146403D69FA4F2B094240C692075C36B046403A1F0150832942404E3F6EE00ABD46400BBAF74F3B7142400D68D06D15BA4640A411F94F33974240E4C1B39042AC464036D50750DBD04240521E06883CAE46406F18FD4F9BF24240F0FBB3F6A97C4640A411F94F33F14240E4E8E04FC3534640AD2405585C1A4340525F1AAF0EBA454049C6FF577C63434020B867E94C534540782B0958C4A24340BCED00574B1C4540B06EFE5784F143407AA487C263EF4440467C0658544E4440B4985444B89244401717FD570CC344405D0807B53E9C44407CAE00F099F74440A29EFCE52C6A4440E356FFEF2115454025D6DAE2371D44407CAE00F0193B454067DBA316CEDF43404D49F7EFD1DC4540A966186F92CF4340786407F0F15246404F4223B7AAAA43407CAE00F0995F46404F01F6F2B75843404D49F7EFD1DC454026EE8875703F4340150602F091A445407B5FA6376D3443407FF8F9EF418B454080B07C2B4C2843407FF8F9EF415E454091A71742EF3943401850FBEF392A4540B4A6602A093B43404D49F7EFD1FB44409EF34BAB3E084340D3B5FEAF1DD24440A472D198E2FC424008AFFAAFB5A344402CDEE1D992EF42409EBC02B005634440E48C38CF1ED74240D3B5FEAF1D4B4440FA9D60DEE7A442408C820100D7F64340C225112B6D90424046C100806BD34340E34BB051B96B4240AF0EFC7F87A84340E905231F096A4240AD69FF7F7380434074ED2CF6EE52424076CB0680477043409BCCB206F3384240B258F57FAF71434025BFF2DEA01C4240E262FB7F0B524340DC783DB922F34140126D0180E71B43406E833D9A28EB4140773705E82DD74240D52478431AD9414019C8F5E7898A42405F7E65AD3ABE4140E229FDE75D4D42406E3C8ED59CAD414019C8F5E789034240B7783E24F89C4140818BFC9777ED41402C216981078A414094FBFC7B99154140561512171D764140C74FFC7B1DEC40404976F8ADCE7341405D5D047CEDC14040E4D2BEDACD644140FC48F87B357A40404B81798678484140C405037CF541404026F3D94BE4474140FB4F066066493D40F670D1E26F424140C9A0036076873A4022A0EB90550F4140E4E71250D9AF3740AE05C5A8CEF940401FE4EDEF097934405CFA1BDD568F4140D97813F0299831402AD5705750FE4140EA341CE093E42F400731862895704240083102F070432F401A8F6BA6EF114340,34,Later Byzantine Empire,Byzantine Empire under Basil II,976,1025,Byzantines
0103000020E610000001000000B7010000C07F0C8065571DC0298D7F3CC7CF404080FF1800CB560AC0AF7EE8597BDB4040ED9AF300D49CE63F58695A7B82E940408000E7FF34810C404A0898F19D3F41409313B37F1AE61540FEA9A745B3314140A629C07F0CA41A4031C52475E52B41408081204086922040A7B30F89ADEA40409BD1EA3FC621244021E1DEA93E5B4040294B004046DB2640AFF9A70AFC4B3F40628EF53F86FF2B4021D9D08BE2883D40CD68F51FE3643040F5B78818447F3C403677F4BF5C493240784DFEDDF1E83B40C5F009C0DCF433409A8C5342EAED3B40284F0FC0BC21364002D5A2B21FE43D40FD33FFBF1C383840BBC699ECC03B3E408CAD14C09CE33940FA2A5492D06E3D40CB84FCBF2C433B401D2CCEDE3A6C3A405AFE11C0ACA23D402F21B45869FF374002E4F85F36B241409493BB954647384068E1FC97B56441407DE90EDE2E433940C8F50898ED0E41403061D97168753A406B2BF6975DEA4040E6BFD5741C163B40FDEE049805CA4040D192A6C509933B40649703980D2B41409A7694F72FE53B40CF89FB97BD9841405419C6DD20EF3B40FDEE049805D841400920EF341D703B4036D50750DB38444067BD7383FC61414068840A50CB844440F077FF8AC2764140D37602507BC5444068E04FA6B43F424048A5F9DFA1A544405C8607E64BC5424073C009E041AB44407A411BEB283F4340DEB201E0F1BE4440CB7AF7E809A643400F6204E061C7444043E71468205D444073C009E0C1EE4440690B003CBFD5444073C009E0C1754540997BAB221A0A45400F6204E0614E4540E2A6EDFCAE6D4540DEB201E071A84440638002F7D5524540411107E051E64440997BAB221A0A4540AC03FFDF01A0444058F96DA10EA1444073C009E0412444401D9C1DE3697244404074F7EFB0E14340882D3D9A6A8044403D2AFEEF08A84340A20405F7E68844406FD900F0F83F43402C60A7FDFB7844403D2AFEEF08F44240404E5614C8864440083102F070C84240F98F3B5BF68944403AE004F0608D4240C5EA0BF8E79A444004E708F0C8614240125EABD2D0AB44409D3E0AF0C02D424052C4F9066CA44440A49300906E0D4240DCAEE13323DC44400E86F88F9EB04140B65C2658D6D544400E86F88F1E9A41405DA9E308040645404035FB8F0E5F4140E1F5157B1AF144400E86F88F1EB940408C5F1D6CD601454072E4FD8FFE424040E360808EA0E64440B9ADEB1F5D723F4049FE9A8B43B64440E4C8FB1FFD4A3F408F000BEC7394444047270120DD7A3E4055F99E91089F4440043201E054AD3D400FA3F7F8CAA04440043201E054CC3C40E87837DCE8B54440CCEE0BE0140D3C4087D49BEEC8DB444075B8EBDFD4D43B40041DEF869B1C4540B0B109389DB43B404B9EE38A28564540E8F4FE37DDEC3B404B9EE38A285645408B2AEC374DF53B4084D7EC50E6914540E8F4FE37DDEC3B4065B28F80979945401AA40138CD0B3C40E47F55A2AA9C454013100F387D1F3C40320E26ACAAB245407AB80D3885533C405BE39E7443B74540EB3EF837056A3C40F45A9E4122B145407E020738ADA33C4077B051188CC545404001EBA319AD3C403A11923F770446403B12F5A35DA53C40EDA84103F71F4640F9F013A4A5113D4032AD0B47295B46400963F2A36D943D40F612190C64684640609912A4ADCC3D40B8968754EA974640700BF1A375C83D40D4E195E2B2BF46406A77FEA325823D408422A324A0C446403DB7F1A3F1103D4065C0FE90A3B1464033D905A479A73C405712F2A479AA4640770914D2964D3C40EFB026A221B9464069E2FCD160293C4019B7EA9DFEB946405E5F14D254083C4045F1095D32B446402D550ED2F8FA3B40DA3CAB58BEA54640887BF2D15EEF3B404341A521159D46404CEE03D2F6ED3B4069663576EC924640437CF52B7CE13B40338E4FD03F7B46400B39002C3CD63B401E66374C17594640CFAB112CD4013C40F3D775B9D245464047C6EE2BA4043C40C9DC8494823346409B57122C50FE3B40DA92F2E632284640D989FD2B4CE43B40F88F64DAA72146400E83F92B649F3B40AE6B0FD6DA1A4640DCD3F62B74803B40C9F5845FC91246400FDE0D5828463B408488CC43C30F464052FFEE57E0063B406EC4EE963F0E46403F2D0E801BC23A40E4D329B0FC054640B4FDF17FC3473A40DACE31FF6C004640509FEC7FE3DC39407816D6F0A1E94540B747EB7FEBB63940A96C585359D7454075260A80336F394011EEA55BBCD04540509FEC7FE3283940F1151726D7D6454078E01068B8F33840F63C874BF1D94540DF880F68C0A0384033C645BDF9DB454011381268B0653840D120476B73DA454046310E68C82038404D458DB6E8D74540BE4BEB6798C93740D56101231AE44540E2D20868E8883740917C048229E845404DC500681859374000C82A21AFE94540F0FAED6788073740A5FD073F0EE145408508F66758DD3640ED951EF23BED454018CC046800EA36408B36859DFB00464062D3EF671D093740EABE524C940646400172FC2F5BF43640AA49CF78CB0B46403321FF2F4BB93640C36FB7E26A194640366BF82F73AF3640827CBF878125464065D001303B7E3640B453B5D51332464093350B30037A364007EAB555203E46406B64F42F8B97364017B2E354254546402FD7053023C33640D6CF720BA34146406FAEED2FB3BA3640C1B4A0DEA950464065D001303B7E3640EAAAC465AA5746403321FF2F4B5F3640EA80FB6CAA564640C29A1430CB4836403F21D844284B464065D001303B243640B4CCBFE99F3D4640D656EC2FBB0D3640C969DB7226474640CFC2F92F6BF43540F0FBB3F62951464004BCF52F83AF354097ED3B6D2A5646403DFFEA2FC38D3540B7F704E4A66446403AB5F12F9B6A35404BE251CFA76246409AC9FD2F535835401983B9A3206E4640CFC2F92F6B40354092E2A96828614640ED4D045881023540CEEC887D615B4640BFE8FA57B9D93440AAA86EECE15546408011135829B53440AA0FC1C46159464086A5055879A13440A82997005B6A464055F60258898234408B29E48C596C464080111358295B344058B9E55D547246405840FC57B14B344000A28945467E464051AC0958615F3440B9E25E7038874640C232F457E148344002A192C6AA8E4640C67CED57093F344035FAA8F118974640C232F457E11B3440931EE10F9A96464029DBF257E9F5334063FA77E0909A4640C232F457E1EE3340C1C018366FA7464051AC095861D83340747D1F0E129A46401969145821A03340BBBCB523879E4640ED4D0458816D3340F8D15F9E849F4640F197FD57A936334087E47D7F77A446402D25EC57110B3340DC09BCB45DAD464029DBF257E91433404ABD7EF328BD464056D80C7041F032407F2B3CDC4CE146408E1B027081CE3240B593FBFC7B06474056D80C7041C33240B9EEBD2ADD3E4740B936127021D43240E30C30B9F2724740B9361270217A3240A495B52C638047406300F26FE1E731405922A3452E854740B9361270219931405F419AB1E8734740FFA1EC6F019C3040863AAC704B6A4740EACA0CC0ABC02E40653712EC685F4740EACA0CC0ABD42940BFB298F90A4E4740ADA8FBDF9535284029CA292AB04D4740A08016E0F5F42640842505B3953247401E2FE6DF1530264059B6BD7AE8274740BBD0E0DF35A626405EC70B2B8D514740756506E055E12540B751F0560E5F4740756506E055D3244098DDD5A357574740828DEBDFF59D2340E6F8D30CCA4A4740D9C30BE035F522408C613533863447401E2FE6DF15F82140198B09DE4E3B4740110701E07511214093E96DBF3E3D4740F313D6DF758A20401D6E8FF78D334740CCD7E1BFAB471F4085228216371D4740CF7A42C06B011E40311A6458E60247403D5ECCBF2B9C1D40290D90C3BBDB4640E727ACBFEB281C401069A7288FA24640B18717C06B5E1B40AA0E56EFB29346409394ECBF6B6F194040D31A9CEB6C464076A0F3BF0126184044154029C130464076A0F3BF01721740ACD3371F8D134640EAC93EC0419C1640C91FA9113CF64540CA33B3BF81D713406C91F6374FFC4540EAC93EC041641240F4E2A349D2D94540230D34C08150134077828110DEA84540EAC93EC041CC134045FE91D0B3A1454094931EC001DD1540DAE6E7026E964540E726DEBF81961840B5208C86A9794540E726DEBF81FE194026D4C21B08874540230D34C0810C1B40EB11D521D8A74540CA33B3BF81FB1C40570C91B2C9D7454091F0BDBF41931F405CCB010EE3DD45409F2EFFDFE08820403835E9196F0746409F2EFFDFE096214098C989D9BF2F46402EA814E060E8224022E5C4AA830F464091061AE040342440D0F6E09C2EF2454091061AE040E8244068BFA4E74C9145403BD0F9DF00C12240B22B6F3FC77D454048F8DEDFA0312140F0413A02D94045409DF311003514214002C7D077581445408000E7FF3441214029305349D3F044403A950C00558A214083A3470075D34440E35EECFF14712040BA3C29D5368344401CA2E1FF544F2040BC954648345144403A950C0055D620405A1A6CA8A0294440E35EECFF14CB20404B09FB5584D4434047BDF1FFF4AE204047638254698843401CA2E1FF54B72140249A611F74714340E35EECFF143322403BDC7137C69843403A950C0055F22240FFD47078DE8D43401CA2E1FF54792340B455CD9CC3D74340E35EECFF14412340E3AA91E1A10C44400152170015C823401BDE2889573444408000E7FF340323406B472F72E87D444065B01C00F5D5264077F0B84D5D2E45403A950C0055DE27402FD3403DC7EF44402C6D2700B5B92840CCF831C5A0C2444083F7FAFFDD072A40689F5C8DCBA64440BB3AF0FF1D4E2B4098695E8291A24440A0EA2500DEF62B40DFA93E5F4C6944404AB405009E452C40EFE667F2E6424440D92D1B001E972D40F551A115734B44404AB405009E072E40C42A39822F1A44404AB405009EBB2E4085DC98E0CCEA434083F7FAFFDDA72F4085DC98E0CCEA43402CC1DAFF9DF62F40FC31EF69B5844340A0EA2500DED42F40A247297420504340BB3AF0FF1D2C2F400A408AD7482643404AB405009EF92C402D090E37F90D4340117110005EB32B40AB1ACE4678FE4240BB3AF0FF1D9A2A402D090E37F90D434083F7FAFFDDAD29406747CBFD65124340A0EA2500DECC28404F93F86042D44240D92D1B001EB92940A166481545B74240A0EA2500DE6C2E4077039A42C65F42402CC1DAFF9D8E2E40E4011BC693CD4240D92D1B001EFF2E4014B93BC6F0EE4240EC960D008F33304041B4FBFA46E8424025DA0200CF983040F20D43B3843343405E1DF8FF0EA4304060B6B653677543409660EDFF4E36314062AD90A806714340C17BFDFFEE3B31406BD58DFB7FBF4340C17BFDFFEEB430409069AF362DD543409660EDFF4E0931405DDAB274EC334440C17BFDFFEEC23140EBC747077B1E4440EC960D008F223240DACDA51BD5DD434089380800AF9832400D14DB515A2B44409660EDFF4E36314014F084C129894440BB3AF0FF1DE02F40FA6659FF00BE44405E1DF8FF0E4A3040F6BD7E6FF0E544402CC1DAFF9D8E2E40A5E2393AB2F64440A0EA2500DE042D405F01126EAE264540A0EA2500DEF62B40DC551F7A186D4540D92D1B001E7B2B40E0055B3684D345402CC1DAFF9DA22940FC86706908F64540D92D1B001EAB2840619157CE7B244640D92D1B001EAB2840E25E579B987246402CC1DAFF9D3A2840E72022145F964640BB3AF0FF1D8C2940D66D1650A4CF4640BB3AF0FF1D4E2B4044D8742D6FDB464083F7FAFFDD152B40AF12C17263944640D92D1B001E4B2E400BF52EBD01F445405E1DF8FF0E2B31404DD9E907757945405E1DF8FF0E2B31404DD9E907757945405E1DF8FF0EA13340F6BD7E6FF0E54440C17BFDFFEE57334014F084C129894440C17BFDFFEE8433407137EB00C62244402DC00C0034F433408805E7218DE543409E46F7FFB3BE34405E10919A76744340650302007486344021D4DA6E61064340D789ECFFF32335408E7B0CB9C6BA42406503020074943540CDB56090116A42406503020074833740320C0EE5FA8A41406503020074EB3840B042A1D0786141402DC00C0034EE39400E5C71B3F0734140D789ECFFF3693A406E554C8411C24140D789ECFFF3B539402E51838A26AB414065030200746438406AA86AE552B441402DC00C00341E3740250E13ECC3214240D789ECFFF31237401AFFBAAA9ECC42404733FDAFC6443740499C365FFCE242409E46F7FFB36F38405CA6AAF9BF2943404473F8FFCC9337408DC735D377F942406F8E08006DC637401AB336D77ADB4240059C10003DF637409705B05459D04240A13D0B005D6C384075138444BD9A42406F8E08006D4D38404D3251080D554240A13D0B005D993840AF50B527125E4240D3EC0D004DB838409BC916CD737C42407622FBFFBC933840BD67C988B0D34240A13D0B005D203940D0CBEEEA51C64240D3EC0D004DE53840E388F714E7FD42403DDF05007D2E3840D1CB078872594340059C10003DC93740D5C72A42BD5C4340D98000009D6937403E7782FDD77443400B3003008D5B3740E5B69E9D63AB43404A07EBFF1CCC364010C0598C32DC4340D3EC0D004D9C3640A618B535011F44400B3003008DA736406088A42FE74A4440A13D0B005D31374053793BC269164440059C10003D6F3740D7451B91B9F043406F8E08006DF33740BEA59C2FF6F34340364B13002D6F38403A8CEEC5BC0C4440A13D0B005DE53740C214C4C48F4544404473F8FFCC473840685F5882B5574440D3EC0D004DB83840908EC42E7E444440A13D0B005D4D39400863D9064D6144400B3003008DFE39404D250BB15D624440364B13002D313A405C65F9FCA8284440A7D1FDFFAC1A3A401E54A01E74C54340364B13002DD73940612A892E20A84340EB44F6FF79F33940788EAFDA88284340166006001A343B40C02B387213D2424066AC0D807E403B402C05EE8A2AA34240A583F57F0E383B400E976604658942409FEF0280BEF13A4006F4C29D0B6242409FEF0280BE783B400DDE57E542524240A583F57F0EA03C40CFD46F4FA5554240DEC6EA7F4E5F3D40CAE925A524154240A7A6EA3FE7053E40E4B4D063CE1E4240A7A6EA3FE78C3E40E4B4D063CE1E4240D3C1FA3F87BF3E405A6FAB8B216742400B05F03FC7D83F4041B79734C6404240B11D08A0034C40406DD04D51E4F541404DBF02A0A324404008D1B58AD97741408602F89FE35C4040C6225D9E94504140B7B1FA9F53BF4040BA492D1014634140B11D08A003004140E54CEA36EE7041401B1000A033FD404039A99AE6BEAC41407F6E05A013EF4140C6A24C17A0B34140B7B1FA9F53FA41402E52EE5FD55941405453F59F73BC4140D6C35DDE980841404DBF02A02376414087A17A10273040405D9FFF3F4A2841401AB10573AA473F40245C0A400AC340403D326F38A0FA3E40F3AC07409A604040182A7B22BA123F40C791F73F7A1740409CD701A5DB423F40E5590F8034E03F40C9179BF3DF8A3F408F23EF7FF44D3F4091E16712AB8F3F408F23EF7FF4993E4091E16712AB8F3F40E5590F8034F13D4047E8C2A3E80D3F4081FB098054FF3C40D38E341BD8D83E401E9D0480741E3A40C9179BF3DF8A3F40F381F47FD4643940A9BE35A8E4723F408F23EF7FF4F938407B9508961BF43F4081FB098054053740271DDDEFED244040E5590F8034163740A2B416EAD95D4040F381F47FD40D3640667D6F78666E4040BA3EFF7F942135408AF279833760404056E0F97FB4023440634EA7A755EF3F401E9D048074243440289CBC4C3D393F40E5590F8034BF3340DE86412EAB643E40E020EF8FD6EF324075A953166C483E40AE71EC8FE64932400E805DF2E4B73E40437FF48FB698314088B2E01325053F400B3CFF8F76AC3040F31D3EE1D31A3F4023A0E31F8DC92F40ED7A0ED18D543F40336B2920ED0F2F40421DDAF089903F401678FE1FED882E40784464DC7D2C404023A0E31F8D532D405C51105D4C3E4040C373DFFF01D32B402F1135F2F562404045C50F00E27B2A40F423765452724040389D2A00429529409B3C6535DD5B40406015DAFF216B28406A719DB1F56F404027D2E4FFE1D82740563ED364A98140400C821A00A26526409B5BDF8F74A14040A9231500C22726400AB6D7A3ECDA4040A9231500C27325408E816DABF6F640401AAAFFFF4130254026448EE712D5404052EDF4FF815A2440AE22CC8243DD4040389D2A0042F5234054779FC29517414027D2E4FFE1AE24401FE48AC54E3241406015DAFF219B2540D10C5ECB16644140A9231500C22726406D75B5ECFB8841401AAAFFFF413E2640A25AA73ECEC54140B64BFAFF61A625409BA952AB16E0414052EDF4FF810E25400073EB3DAE054240066DEEBF0074264006B1F9D9C4714240DA3DF51F04E42540CDA59F0DCC8E4240E865DA1FA408254010E487E7F86B42405C8F2520E4D82340E120082DF7B542404BC4DF1F841C22402E60971BEB8F42404BC4DF1F846821409C15B43D38774240C5991540E77C20409FC5D65C837B424034FD0A808ED21E40F9E8814D256F4240E1694B800EE91E404066EB0960834240315AAA7FCE481D40BE4FD168DD87424019AD40804E9D1B408B598A3F6571424034FD0A808EE6194072B0AB87B78F4240160AE07F8EAB184038BAEFBDE47542406D400080CE9A16405DE66CE8036542404F4DD57FCEF713409EC859F9615F4240A583F57F0E9B1240F9E8814D256F4240A4E06B001D5B0E408B598A3F657142400F2195FF1C500A4040949A03A56A4240FAC06580D11E07400D0BFF33946C424083F4B97FD1020540E88C83A680484240CA021EFFA277F23F6D8875D3FB434240356D31058C2ADC3FA320998AE4204240DB9103D95F34A13FD6F40B3C98EC4140A7C47DFD7345D9BF8BF01FA0B5F54140E2C66F02BA6CE5BFC5707500C4DD41400695C0FFB9DCEDBF2A6B6137E8DE414047648AFF5C80F3BF1C36DB2626B14140B3ABDA7FAE5700C04DEC88E08B8D4140063F9A7F2E1103C026DE85D6D88F4140AA1CC5FF3E4F07C0C7E316B1579B4140B0628600BF9207C0C231AA909BBC4140757C3000BFF40EC0DD925ECC7D9C4140379BB77F9F2812C07032818D319A414002FB22801F2E14C0130D31E22BB94140FF57C27F5F7415C036C8C96974EB41408ED1D77FDF0315C09A8BA65069144240C9B72D80DF8D12C05AE46C74AD3842403A3E18805F9611C0DE56595F4D5842401BA3AFFFBEC70EC057653ACF336942403FDC9B003FF209C04FBFD920726242408C299AFF3E6005C0B03D71086E59424021E970003FCB03C0C308861854734240B0628600BFF201C079296D58F05D4240722CB5FF7DADFFBF187531F673744240DD6CDEFE7DA2FBBF2BD636E671A24240A65260BF2F97FEBF8C0FF5B33FAB4240A3CBDDDF877800C00F0A29C3E1AE42407A532EE0A7A201C0262C5C1CB6A94240DAC0A1E0F7C902C03DA1325937A6424031AE5D7FB70D05C0C47B0E2C479E4240DB25FDFF304006C08ACC3BD209A242407969B37FD85119C0D76C063468124340EE92FE7F18981AC06F465190EDB342402979548018761EC0340D2F2D0FF042408C57EE3F115320C02F8FD2F8C7D74240AA4A1940112620C0E358B48C167C424051F2D17F62C21EC078156B1BF3834240E20E4880A2A31BC02EFD11A78F894240C278BC7FE2461AC067210914945C42408935C77FA2F217C0B6F1CC70A82042407D08050022E417C08C785F536FE6414063B83A00E2E618C03D6787CF889041404222AFFF210E1BC0F85F5BFD60204140C07F0C8065571DC0298D7F3CC7CF4040,26,Justinian,Empire of Justinian at its largest,527,565,Romans
